34,137,0,0,0,0,0,0,0
33,143,0,0,0,0,0,0,0
32,144,0,0,0,0,0,0,0
31,147,0,0,0,0,0,0,0
30,144,0,0,0,0,0,0,0
29,155,0,0,0,0,0,0,0
28,158,0,0,0,0,0,0,0
27,162,0,0,0,0,0,0,0
26,166,0,0,0,0,0,0,0
25,172,0,0,0,0,0,0,0
24,175,0,0,0,0,0,0,0
23,181,0,0,0,0,0,0,0
22,187,0,0,0,0,0,0,0
21,190,0,0,0,0,0,0,0
20,197,0,0,0,0,0,0,0
19,202,0,0,0,0,0,0,0
18,207,0,0,0,0,0,0,0
17,216,0,0,0,0,0,0,0
16,223,0,0,0,0,0,0,0
15,227,0,0,0,0,0,0,0
14,237,0,0,0,0,0,0,0
13,248,0,0,0,0,0,0,0
12,255,0,0,0,0,0,0,0
11,277,0,0,0,0,0,0,0
10,293,0,0,0,0,0,0,0
9,306,0,0,0,0,0,0,0
8,330,0,0,0,0,0,0,0
7,346,0,0,0,0,0,0,0
6,369,0,0,0,0,0,0,0
5,391,0,0,0,0,0,0,0
4,414,0,0,0,0,0,0,0
3,452,0,0,0,0,0,0,0
2,490,0,0,0,0,0,0,0
1,547,0,0,0,0,0,0,0
0,600,0,0,0,0,0,0,0
1,652,0,0,0,0,0,0,0
2,724,0,0,0,0,0,0,0
3,773,0,0,0,0,0,0,0
4,790,0,0,0,0,0,0,0
5,793,0,0,0,0,0,0,0
6,740,0,0,0,0,0,0,0
7,655,0,0,0,0,0,0,0
8,579,0,0,0,0,0,0,0
9,530,0,0,0,0,0,0,0
10,474,0,0,0,0,0,0,0
11,440,0,0,0,0,0,0,0
12,397,0,0,0,0,0,0,0
13,370,0,0,0,0,0,0,0
14,349,0,0,0,0,0,0,0
15,324,0,0,0,0,0,0,0
16,304,0,0,0,0,0,0,0
17,281,0,0,0,0,0,0,0
18,266,0,0,0,0,0,0,0
19,256,0,0,0,0,0,0,0
20,244,0,0,0,0,0,0,0
21,236,0,0,0,0,0,0,0
22,230,0,0,0,0,0,0,0
23,223,0,0,0,0,0,0,0
24,214,0,0,0,0,0,0,0
25,208,0,0,0,0,0,0,0
26,204,0,0,0,0,0,0,0
27,195,0,0,0,0,0,0,0
28,191,0,0,0,0,0,0,0
29,187,0,0,0,0,0,0,0
30,179,0,0,0,0,0,0,0
31,174,0,0,0,0,0,0,0
32,171,0,0,0,0,0,0,0
33,166,0,0,0,0,0,0,0
34,161,0,0,0,0,0,0,0
35,158,0,0,0,0,0,0,0
36,152,0,0,0,0,0,0,0
37,149,0,0,0,0,0,0,0
38,146,0,0,0,0,0,0,0
39,142,0,0,0,0,0,0,0
40,140,0,0,0,0,0,0,0
41,138,0,0,0,0,0,0,0
42,133,0,0,0,0,0,0,0
43,129,0,0,0,0,0,0,0
44,128,0,0,0,0,0,0,0
45,125,0,0,0,0,0,0,0
46,124,0,0,0,0,0,0,0
47,119,0,0,0,0,0,0,0
48,119,0,0,0,0,0,0,0
49,118,0,0,0,0,0,0,0
50,117,0,0,0,0,0,0,0
51,116,0,0,0,0,0,0,0
52,113,0,0,0,0,0,0,0
53,111,0,0,0,0,0,0,0
54,111,0,0,0,0,0,0,0
55,109,0,0,0,0,0,0,0
56,108,0,0,0,0,0,0,0
57,108,0,0,0,0,0,0,0
58,107,0,0,0,0,0,0,0
59,108,0,0,0,0,0,0,0
60,104,0,0,0,0,0,0,0
61,102,0,0,0,0,0,0,0
62,103,0,0,0,0,0,0,0
63,102,0,0,0,0,0,0,0
64,103,0,0,0,0,0,0,0
65,102,0,0,0,0,0,0,0
66,101,0,0,0,0,0,0,0
67,102,0,0,0,0,0,0,0
68,101,0,0,0,0,0,0,0
69,100,0,0,0,0,0,0,0
70,99,0,0,0,0,0,0,0
71,99,0,0,0,0,0,0,0
72,98,0,0,0,0,0,0,0
73,97,0,0,0,0,0,0,0
74,97,0,0,0,0,0,0,0
75,96,0,0,0,0,0,0,0
76,97,0,0,0,0,0,0,0
77,95,0,0,0,0,0,0,0
78,95,0,0,0,0,0,0,0
79,103,0,0,0,0,0,0,0
80,95,0,0,0,0,0,0,0
81,94,0,0,0,0,0,0,0
82,94,0,0,0,0,0,0,0
83,93,0,0,0,0,0,0,0
84,99,0,0,0,0,0,0,0
85,93,0,0,0,0,0,0,0
86,93,0,0,0,0,0,0,0
87,93,0,0,0,0,0,0,0
88,93,0,0,0,0,0,0,0
89,91,0,0,0,0,0,0,0
90,92,0,0,0,0,0,0,0
91,96,0,0,0,0,0,0,0
92,88,0,0,0,0,0,0,0
93,91,0,0,0,0,0,0,0
94,81,0,0,0,0,0,0,0
95,89,0,0,0,0,0,0,0
96,89,0,0,0,0,0,0,0
97,91,0,0,0,0,0,0,0
98,88,0,0,0,0,0,0,0
99,88,0,0,0,0,0,0,0
100,87,0,0,0,0,0,0,0
101,86,0,0,0,0,0,0,0
102,88,0,0,0,0,0,0,0
103,87,0,0,0,0,0,0,0
104,89,0,0,0,0,0,0,0
105,96,0,0,0,0,0,0,0
106,89,0,0,0,0,0,0,0
107,90,0,0,0,0,0,0,0
108,88,0,0,0,0,0,0,0
109,89,0,0,0,0,0,0,0
110,90,0,0,0,0,0,0,0
111,95,0,0,0,0,0,0,0
112,80,0,0,0,0,0,0,0
113,90,0,0,0,0,0,0,0
114,92,0,0,0,0,0,0,0
115,89,0,0,0,0,0,0,0
116,87,0,0,0,0,0,0,0
117,80,0,0,0,0,0,0,0
118,88,0,0,0,0,0,0,0
119,89,0,0,0,0,0,0,0
120,89,0,0,0,0,0,0,0
121,90,0,0,0,0,0,0,0
122,94,0,0,0,0,0,0,0
123,103,0,0,0,0,0,0,0
124,94,0,0,0,0,0,0,0
125,92,0,0,0,0,0,0,0
126,92,0,0,0,0,0,0,0
127,93,0,0,0,0,0,0,0
128,101,0,0,0,0,0,0,0
129,110,0,0,0,0,0,0,0
130,97,0,0,0,0,0,0,0
131,99,0,0,0,0,0,0,0
132,100,0,0,0,0,0,0,0
133,99,0,0,0,0,0,0,0
134,101,0,0,0,0,0,0,0
135,103,0,0,0,0,0,0,0
136,103,0,0,0,0,0,0,0
137,105,0,0,0,0,0,0,0
138,111,0,0,0,0,0,0,0
139,130,0,0,0,0,0,0,0
140,103,0,0,0,0,0,0,0
141,111,0,0,0,0,0,0,0
142,100,0,0,0,0,0,0,0
143,96,0,0,0,0,0,0,0
144,107,0,0,0,0,0,0,0
145,93,0,0,0,0,0,0,0
146,92,0,0,0,0,0,0,0
147,99,0,0,0,0,0,0,0
148,103,0,0,0,0,0,0,0
149,108,0,0,0,0,0,0,0
150,113,0,0,0,0,0,0,0
151,111,0,0,0,0,0,0,0
152,113,0,0,0,0,0,0,0
153,119,0,0,0,0,0,0,0
154,119,0,0,0,0,0,0,0
155,120,0,0,0,0,0,0,0
156,122,0,0,0,0,0,0,0
157,131,0,0,0,0,0,0,0
158,124,0,0,0,0,0,0,0
159,133,0,0,0,0,0,0,0
160,130,0,0,0,0,0,0,0
161,134,0,0,0,0,0,0,0
162,141,0,0,0,0,0,0,0
163,144,0,0,0,0,0,0,0
164,156,0,0,0,0,0,0,0
165,152,0,0,0,0,0,0,0
166,168,0,0,0,0,0,0,0
167,174,0,0,0,0,0,0,0
168,178,0,0,0,0,0,0,0
169,176,0,0,0,0,0,0,0
170,188,0,0,0,0,0,0,0
171,186,0,0,0,0,0,0,0
172,196,0,0,0,0,0,0,0
173,199,0,0,0,0,0,0,0
174,219,0,0,0,0,0,0,0
175,223,0,0,0,0,0,0,0
176,238,0,0,0,0,0,0,0
177,235,0,0,0,0,0,0,0
178,251,0,0,0,0,0,0,0
179,266,0,0,0,0,0,0,0
180,303,0,0,0,0,0,0,0
179,299,0,0,0,0,0,0,0
178,312,0,0,0,0,0,0,0
177,313,0,0,0,0,0,0,0
176,312,0,0,0,0,0,0,0
175,317,0,0,0,0,0,0,0
174,299,0,0,0,0,0,0,0
173,280,0,0,0,0,0,0,0
172,267,0,0,0,0,0,0,0
171,250,0,0,0,0,0,0,0
170,248,0,0,0,0,0,0,0
169,233,0,0,0,0,0,0,0
168,220,0,0,0,0,0,0,0
167,209,0,0,0,0,0,0,0
166,203,0,0,0,0,0,0,0
165,197,0,0,0,0,0,0,0
164,191,0,0,0,0,0,0,0
163,177,0,0,0,0,0,0,0
162,180,0,0,0,0,0,0,0
161,168,0,0,0,0,0,0,0
160,163,0,0,0,0,0,0,0
159,157,0,0,0,0,0,0,0
158,153,0,0,0,0,0,0,0
157,146,0,0,0,0,0,0,0
156,140,0,0,0,0,0,0,0
155,135,0,0,0,0,0,0,0
154,130,0,0,0,0,0,0,0
153,128,0,0,0,0,0,0,0
152,125,0,0,0,0,0,0,0
151,125,0,0,0,0,0,0,0
150,121,0,0,0,0,0,0,0
149,128,0,0,0,0,0,0,0
148,120,0,0,0,0,0,0,0
147,117,0,0,0,0,0,0,0
146,115,0,0,0,0,0,0,0
145,112,0,0,0,0,0,0,0
144,112,0,0,0,0,0,0,0
143,107,0,0,0,0,0,0,0
142,105,0,0,0,0,0,0,0
141,100,0,0,0,0,0,0,0
140,95,0,0,0,0,0,0,0
139,94,0,0,0,0,0,0,0
138,94,0,0,0,0,0,0,0
137,95,0,0,0,0,0,0,0
136,96,0,0,0,0,0,0,0
135,100,0,0,0,0,0,0,0
134,103,0,0,0,0,0,0,0
133,103,0,0,0,0,0,0,0
132,102,0,0,0,0,0,0,0
131,103,0,0,0,0,0,0,0
130,102,0,0,0,0,0,0,0
129,101,0,0,0,0,0,0,0
128,102,0,0,0,0,0,0,0
127,99,0,0,0,0,0,0,0
126,98,0,0,0,0,0,0,0
125,96,0,0,0,0,0,0,0
124,96,0,0,0,0,0,0,0
123,95,0,0,0,0,0,0,0
122,93,0,0,0,0,0,0,0
121,91,0,0,0,0,0,0,0
120,93,0,0,0,0,0,0,0
119,92,0,0,0,0,0,0,0
118,91,0,0,0,0,0,0,0
117,91,0,0,0,0,0,0,0
116,93,0,0,0,0,0,0,0
115,90,0,0,0,0,0,0,0
114,89,0,0,0,0,0,0,0
113,89,0,0,0,0,0,0,0
112,89,0,0,0,0,0,0,0
111,87,0,0,0,0,0,0,0
110,92,0,0,0,0,0,0,0
109,88,0,0,0,0,0,0,0
108,89,0,0,0,0,0,0,0
107,89,0,0,0,0,0,0,0
106,90,0,0,0,0,0,0,0
105,89,0,0,0,0,0,0,0
104,83,0,0,0,0,0,0,0
103,89,0,0,0,0,0,0,0
102,89,0,0,0,0,0,0,0
101,90,0,0,0,0,0,0,0
100,88,0,0,0,0,0,0,0
99,88,0,0,0,0,0,0,0
98,88,0,0,0,0,0,0,0
97,87,0,0,0,0,0,0,0
96,86,0,0,0,0,0,0,0
95,86,0,0,0,0,0,0,0
94,87,0,0,0,0,0,0,0
93,86,0,0,0,0,0,0,0
92,88,0,0,0,0,0,0,0
91,89,0,0,0,0,0,0,0
90,88,0,0,0,0,0,0,0
89,89,0,0,0,0,0,0,0
88,90,0,0,0,0,0,0,0
87,94,0,0,0,0,0,0,0
86,93,0,0,0,0,0,0,0
85,92,0,0,0,0,0,0,0
84,94,0,0,0,0,0,0,0
83,93,0,0,0,0,0,0,0
82,91,0,0,0,0,0,0,0
81,93,0,0,0,0,0,0,0
80,95,0,0,0,0,0,0,0
79,93,0,0,0,0,0,0,0
78,95,0,0,0,0,0,0,0
77,92,0,0,0,0,0,0,0
76,93,0,0,0,0,0,0,0
75,95,0,0,0,0,0,0,0
74,94,0,0,0,0,0,0,0
73,94,0,0,0,0,0,0,0
72,93,0,0,0,0,0,0,0
71,96,0,0,0,0,0,0,0
70,95,0,0,0,0,0,0,0
69,97,0,0,0,0,0,0,0
68,96,0,0,0,0,0,0,0
67,97,0,0,0,0,0,0,0
66,99,0,0,0,0,0,0,0
65,99,0,0,0,0,0,0,0
64,100,0,0,0,0,0,0,0
63,101,0,0,0,0,0,0,0
62,100,0,0,0,0,0,0,0
61,100,0,0,0,0,0,0,0
60,101,0,0,0,0,0,0,0
59,101,0,0,0,0,0,0,0
58,102,0,0,0,0,0,0,0
57,103,0,0,0,0,0,0,0
56,103,0,0,0,0,0,0,0
55,110,0,0,0,0,0,0,0
54,104,0,0,0,0,0,0,0
53,107,0,0,0,0,0,0,0
52,106,0,0,0,0,0,0,0
51,107,0,0,0,0,0,0,0
50,108,0,0,0,0,0,0,0
49,110,0,0,0,0,0,0,0
48,111,0,0,0,0,0,0,0
47,111,0,0,0,0,0,0,0
46,114,0,0,0,0,0,0,0
45,115,0,0,0,0,0,0,0
44,116,0,0,0,0,0,0,0
43,117,0,0,0,0,0,0,0
42,119,0,0,0,0,0,0,0
41,120,0,0,0,0,0,0,0
40,123,0,0,0,0,0,0,0
39,126,0,0,0,0,0,0,0
38,129,0,0,0,0,0,0,0
37,130,0,0,0,0,0,0,0
36,132,0,0,0,0,0,0,0
35,133,0,0,0,0,0,0,0
34,137,0,0,0,0,0,0,0
33,141,0,0,0,0,0,0,0
32,145,0,0,0,0,0,0,0
31,147,0,0,0,0,0,0,0
30,150,0,0,0,0,0,0,0
29,155,0,0,0,0,0,0,0
28,159,0,0,0,0,0,0,0
27,163,0,0,0,0,0,0,0
26,167,0,0,0,0,0,0,0
25,173,0,0,0,0,0,0,0
24,176,0,0,0,0,0,0,0
23,181,0,0,0,0,0,0,0
22,188,0,0,0,0,0,0,0
21,192,0,0,0,0,0,0,0
20,197,0,0,0,0,0,0,0
19,203,0,0,0,0,0,0,0
18,208,0,0,0,0,0,0,0
17,215,0,0,0,0,0,0,0
16,225,0,0,0,0,0,0,0
15,232,0,0,0,0,0,0,0
14,236,0,0,0,0,0,0,0
13,248,0,0,0,0,0,0,0
12,260,0,0,0,0,0,0,0
11,277,0,0,0,0,0,0,0
10,295,0,0,0,0,0,0,0
9,310,0,0,0,0,0,0,0
8,328,0,0,0,0,0,0,0
7,351,0,0,0,0,0,0,0
6,369,0,0,0,0,0,0,0
5,387,0,0,0,0,0,0,0
4,418,0,0,0,0,0,0,0
3,450,0,0,0,0,0,0,0
2,493,0,0,0,0,0,0,0
1,542,0,0,0,0,0,0,0
0,586,0,0,0,0,0,0,0
1,655,0,0,0,0,0,0,0
2,722,0,0,0,0,0,0,0
3,767,0,0,0,0,0,0,0
4,786,0,0,0,0,0,0,0
5,787,0,0,0,0,0,0,0
6,731,0,0,0,0,0,0,0
7,658,0,0,0,0,0,0,0
8,576,0,0,0,0,0,0,0
9,525,0,0,0,0,0,0,0
10,478,0,0,0,0,0,0,0
11,434,0,0,0,0,0,0,0
12,401,0,0,0,0,0,0,0
13,376,0,0,0,0,0,0,0
14,347,0,0,0,0,0,0,0
15,326,0,0,0,0,0,0,0
16,312,0,0,0,0,0,0,0
17,286,0,0,0,0,0,0,0
18,268,0,0,0,0,0,0,0
19,259,0,0,0,0,0,0,0
20,243,0,0,0,0,0,0,0
21,236,0,0,0,0,0,0,0
22,232,0,0,0,0,0,0,0
23,222,0,0,0,0,0,0,0
24,214,0,0,0,0,0,0,0
25,208,0,0,0,0,0,0,0
26,199,0,0,0,0,0,0,0
27,194,0,0,0,0,0,0,0
28,191,0,0,0,0,0,0,0
29,185,0,0,0,0,0,0,0
30,178,0,0,0,0,0,0,0
31,174,0,0,0,0,0,0,0
32,169,0,0,0,0,0,0,0
33,163,0,0,0,0,0,0,0
34,164,0,0,0,0,0,0,0
35,158,0,0,0,0,0,0,0
36,154,0,0,0,0,0,0,0
37,151,0,0,0,0,0,0,0
38,145,0,0,0,0,0,0,0
39,143,0,0,0,0,0,0,0
40,149,0,0,0,0,0,0,0
41,137,0,0,0,0,0,0,0
42,134,0,0,0,0,0,0,0
43,132,0,0,0,0,0,0,0
44,128,0,0,0,0,0,0,0
45,127,0,0,0,0,0,0,0
46,125,0,0,0,0,0,0,0
47,122,0,0,0,0,0,0,0
48,118,0,0,0,0,0,0,0
49,118,0,0,0,0,0,0,0
50,116,0,0,0,0,0,0,0
51,114,0,0,0,0,0,0,0
52,112,0,0,0,0,0,0,0
53,112,0,0,0,0,0,0,0
54,111,0,0,0,0,0,0,0
55,112,0,0,0,0,0,0,0
56,108,0,0,0,0,0,0,0
57,109,0,0,0,0,0,0,0
58,105,0,0,0,0,0,0,0
59,103,0,0,0,0,0,0,0
60,106,0,0,0,0,0,0,0
61,103,0,0,0,0,0,0,0
62,103,0,0,0,0,0,0,0
63,101,0,0,0,0,0,0,0
64,101,0,0,0,0,0,0,0
65,103,0,0,0,0,0,0,0
66,102,0,0,0,0,0,0,0
67,101,0,0,0,0,0,0,0
68,102,0,0,0,0,0,0,0
69,101,0,0,0,0,0,0,0
70,100,0,0,0,0,0,0,0
71,88,0,0,0,0,0,0,0
72,98,0,0,0,0,0,0,0
73,99,0,0,0,0,0,0,0
74,96,0,0,0,0,0,0,0
75,96,0,0,0,0,0,0,0
76,95,0,0,0,0,0,0,0
77,95,0,0,0,0,0,0,0
78,96,0,0,0,0,0,0,0
79,95,0,0,0,0,0,0,0
80,96,0,0,0,0,0,0,0
81,95,0,0,0,0,0,0,0
82,93,0,0,0,0,0,0,0
83,93,0,0,0,0,0,0,0
84,94,0,0,0,0,0,0,0
85,94,0,0,0,0,0,0,0
86,93,0,0,0,0,0,0,0
87,95,0,0,0,0,0,0,0
88,93,0,0,0,0,0,0,0
89,93,0,0,0,0,0,0,0
90,93,0,0,0,0,0,0,0
91,92,0,0,0,0,0,0,0
92,94,0,0,0,0,0,0,0
93,92,0,0,0,0,0,0,0
94,89,0,0,0,0,0,0,0
95,89,0,0,0,0,0,0,0
96,89,0,0,0,0,0,0,0
97,96,0,0,0,0,0,0,0
98,96,0,0,0,0,0,0,0
99,87,0,0,0,0,0,0,0
100,81,0,0,0,0,0,0,0
101,87,0,0,0,0,0,0,0
102,88,0,0,0,0,0,0,0
103,87,0,0,0,0,0,0,0
104,88,0,0,0,0,0,0,0
105,90,0,0,0,0,0,0,0
106,89,0,0,0,0,0,0,0
107,87,0,0,0,0,0,0,0
108,89,0,0,0,0,0,0,0
109,94,0,0,0,0,0,0,0
110,90,0,0,0,0,0,0,0
111,92,0,0,0,0,0,0,0
112,99,0,0,0,0,0,0,0
113,88,0,0,0,0,0,0,0
114,95,0,0,0,0,0,0,0
115,89,0,0,0,0,0,0,0
116,103,0,0,0,0,0,0,0
117,89,0,0,0,0,0,0,0
118,89,0,0,0,0,0,0,0
119,91,0,0,0,0,0,0,0
120,89,0,0,0,0,0,0,0
121,102,0,0,0,0,0,0,0
122,88,0,0,0,0,0,0,0
123,88,0,0,0,0,0,0,0
124,91,0,0,0,0,0,0,0
125,108,0,0,0,0,0,0,0
126,93,0,0,0,0,0,0,0
127,103,0,0,0,0,0,0,0
128,103,0,0,0,0,0,0,0
129,99,0,0,0,0,0,0,0
130,95,0,0,0,0,0,0,0
131,96,0,0,0,0,0,0,0
132,101,0,0,0,0,0,0,0
133,107,0,0,0,0,0,0,0
134,96,0,0,0,0,0,0,0
135,104,0,0,0,0,0,0,0
136,103,0,0,0,0,0,0,0
137,95,0,0,0,0,0,0,0
138,103,0,0,0,0,0,0,0
139,102,0,0,0,0,0,0,0
140,103,0,0,0,0,0,0,0
141,101,0,0,0,0,0,0,0
142,97,0,0,0,0,0,0,0
143,95,0,0,0,0,0,0,0
144,92,0,0,0,0,0,0,0
145,94,0,0,0,0,0,0,0
146,143,0,0,0,0,0,0,0
147,109,0,0,0,0,0,0,0
148,102,0,0,0,0,0,0,0
149,106,0,0,0,0,0,0,0
150,110,0,0,0,0,0,0,0
151,116,0,0,0,0,0,0,0
152,114,0,0,0,0,0,0,0
153,136,0,0,0,0,0,0,0
154,134,0,0,0,0,0,0,0
155,135,0,0,0,0,0,0,0
156,122,0,0,0,0,0,0,0
157,135,0,0,0,0,0,0,0
158,129,0,0,0,0,0,0,0
159,128,0,0,0,0,0,0,0
160,130,0,0,0,0,0,0,0
161,131,0,0,0,0,0,0,0
162,141,0,0,0,0,0,0,0
163,151,0,0,0,0,0,0,0
164,151,0,0,0,0,0,0,0
165,152,0,0,0,0,0,0,0
166,157,0,0,0,0,0,0,0
167,170,0,0,0,0,0,0,0
168,176,0,0,0,0,0,0,0
169,187,0,0,0,0,0,0,0
170,183,0,0,0,0,0,0,0
171,215,0,0,0,0,0,0,0
172,211,0,0,0,0,0,0,0
173,205,0,0,0,0,0,0,0
174,212,0,0,0,0,0,0,0
175,224,0,0,0,0,0,0,0
176,234,0,0,0,0,0,0,0
177,256,0,0,0,0,0,0,0
178,271,0,0,0,0,0,0,0
179,267,0,0,0,0,0,0,0
180,275,0,0,0,0,0,0,0
179,282,0,0,0,0,0,0,0
178,311,0,0,0,0,0,0,0
177,320,0,0,0,0,0,0,0
176,321,0,0,0,0,0,0,0
175,313,0,0,0,0,0,0,0
174,298,0,0,0,0,0,0,0
173,276,0,0,0,0,0,0,0
172,261,0,0,0,0,0,0,0
171,252,0,0,0,0,0,0,0
170,243,0,0,0,0,0,0,0
169,236,0,0,0,0,0,0,0
168,220,0,0,0,0,0,0,0
167,211,0,0,0,0,0,0,0
166,208,0,0,0,0,0,0,0
165,196,0,0,0,0,0,0,0
164,199,0,0,0,0,0,0,0
163,181,0,0,0,0,0,0,0
162,175,0,0,0,0,0,0,0
161,168,0,0,0,0,0,0,0
160,164,0,0,0,0,0,0,0
159,156,0,0,0,0,0,0,0
158,151,0,0,0,0,0,0,0
157,145,0,0,0,0,0,0,0
156,141,0,0,0,0,0,0,0
155,136,0,0,0,0,0,0,0
154,130,0,0,0,0,0,0,0
153,129,0,0,0,0,0,0,0
152,126,0,0,0,0,0,0,0
151,124,0,0,0,0,0,0,0
150,121,0,0,0,0,0,0,0
149,126,0,0,0,0,0,0,0
148,119,0,0,0,0,0,0,0
147,118,0,0,0,0,0,0,0
146,115,0,0,0,0,0,0,0
145,112,0,0,0,0,0,0,0
144,110,0,0,0,0,0,0,0
143,107,0,0,0,0,0,0,0
142,108,0,0,0,0,0,0,0
141,98,0,0,0,0,0,0,0
140,96,0,0,0,0,0,0,0
139,103,0,0,0,0,0,0,0
138,93,0,0,0,0,0,0,0
137,94,0,0,0,0,0,0,0
136,98,0,0,0,0,0,0,0
135,100,0,0,0,0,0,0,0
134,102,0,0,0,0,0,0,0
133,103,0,0,0,0,0,0,0
132,105,0,0,0,0,0,0,0
131,105,0,0,0,0,0,0,0
130,110,0,0,0,0,0,0,0
129,102,0,0,0,0,0,0,0
128,101,0,0,0,0,0,0,0
127,99,0,0,0,0,0,0,0
126,99,0,0,0,0,0,0,0
125,110,0,0,0,0,0,0,0
124,96,0,0,0,0,0,0,0
123,95,0,0,0,0,0,0,0
122,94,0,0,0,0,0,0,0
121,93,0,0,0,0,0,0,0
120,93,0,0,0,0,0,0,0
119,92,0,0,0,0,0,0,0
118,91,0,0,0,0,0,0,0
117,90,0,0,0,0,0,0,0
116,89,0,0,0,0,0,0,0
115,89,0,0,0,0,0,0,0
114,89,0,0,0,0,0,0,0
113,90,0,0,0,0,0,0,0
112,88,0,0,0,0,0,0,0
111,88,0,0,0,0,0,0,0
110,88,0,0,0,0,0,0,0
109,89,0,0,0,0,0,0,0
108,89,0,0,0,0,0,0,0
107,90,0,0,0,0,0,0,0
106,90,0,0,0,0,0,0,0
105,93,0,0,0,0,0,0,0
104,90,0,0,0,0,0,0,0
103,89,0,0,0,0,0,0,0
102,89,0,0,0,0,0,0,0
101,89,0,0,0,0,0,0,0
100,89,0,0,0,0,0,0,0
99,89,0,0,0,0,0,0,0
98,88,0,0,0,0,0,0,0
97,88,0,0,0,0,0,0,0
96,87,0,0,0,0,0,0,0
95,90,0,0,0,0,0,0,0
94,88,0,0,0,0,0,0,0
93,86,0,0,0,0,0,0,0
92,88,0,0,0,0,0,0,0
91,88,0,0,0,0,0,0,0
90,88,0,0,0,0,0,0,0
89,89,0,0,0,0,0,0,0
88,88,0,0,0,0,0,0,0
87,90,0,0,0,0,0,0,0
86,92,0,0,0,0,0,0,0
85,92,0,0,0,0,0,0,0
84,92,0,0,0,0,0,0,0
83,93,0,0,0,0,0,0,0
82,93,0,0,0,0,0,0,0
81,95,0,0,0,0,0,0,0
80,95,0,0,0,0,0,0,0
79,93,0,0,0,0,0,0,0
78,89,0,0,0,0,0,0,0
77,93,0,0,0,0,0,0,0
76,94,0,0,0,0,0,0,0
75,92,0,0,0,0,0,0,0
74,94,0,0,0,0,0,0,0
73,95,0,0,0,0,0,0,0
72,94,0,0,0,0,0,0,0
71,92,0,0,0,0,0,0,0
70,96,0,0,0,0,0,0,0
69,95,0,0,0,0,0,0,0
68,96,0,0,0,0,0,0,0
67,97,0,0,0,0,0,0,0
66,98,0,0,0,0,0,0,0
65,99,0,0,0,0,0,0,0
64,99,0,0,0,0,0,0,0
63,96,0,0,0,0,0,0,0
62,102,0,0,0,0,0,0,0
61,103,0,0,0,0,0,0,0
60,101,0,0,0,0,0,0,0
59,101,0,0,0,0,0,0,0
58,101,0,0,0,0,0,0,0
57,103,0,0,0,0,0,0,0
56,103,0,0,0,0,0,0,0
55,103,0,0,0,0,0,0,0
54,104,0,0,0,0,0,0,0
53,105,0,0,0,0,0,0,0
52,109,0,0,0,0,0,0,0
51,107,0,0,0,0,0,0,0
50,109,0,0,0,0,0,0,0
49,109,0,0,0,0,0,0,0
48,107,0,0,0,0,0,0,0
47,111,0,0,0,0,0,0,0
46,112,0,0,0,0,0,0,0
45,119,0,0,0,0,0,0,0
44,116,0,0,0,0,0,0,0
43,118,0,0,0,0,0,0,0
42,118,0,0,0,0,0,0,0
41,121,0,0,0,0,0,0,0
40,123,0,0,0,0,0,0,0
39,125,0,0,0,0,0,0,0
38,128,0,0,0,0,0,0,0
37,130,0,0,0,0,0,0,0
36,135,0,0,0,0,0,0,0
35,134,0,0,0,0,0,0,0
34,137,0,0,0,0,0,0,0
33,141,0,0,0,0,0,0,0
32,145,0,0,0,0,0,0,0
31,147,0,0,0,0,0,0,0
30,151,0,0,0,0,0,0,0
29,154,0,0,0,0,0,0,0
28,158,0,0,0,0,0,0,0
27,162,0,0,0,0,0,0,0
26,168,0,0,0,0,0,0,0
25,172,0,0,0,0,0,0,0
24,175,0,0,0,0,0,0,0
23,180,0,0,0,0,0,0,0
22,187,0,0,0,0,0,0,0
21,190,0,0,0,0,0,0,0
20,197,0,0,0,0,0,0,0
19,202,0,0,0,0,0,0,0
18,208,0,0,0,0,0,0,0
17,216,0,0,0,0,0,0,0
16,223,0,0,0,0,0,0,0
15,230,0,0,0,0,0,0,0
14,237,0,0,0,0,0,0,0
13,247,0,0,0,0,0,0,0
12,256,0,0,0,0,0,0,0
11,277,0,0,0,0,0,0,0
10,293,0,0,0,0,0,0,0
9,305,0,0,0,0,0,0,0
8,328,0,0,0,0,0,0,0
7,348,0,0,0,0,0,0,0
6,368,0,0,0,0,0,0,0
5,392,0,0,0,0,0,0,0
4,414,0,0,0,0,0,0,0
3,455,0,0,0,0,0,0,0
2,491,0,0,0,0,0,0,0
1,549,0,0,0,0,0,0,0
0,602,0,0,0,0,0,0,0
1,654,0,0,0,0,0,0,0
2,724,0,0,0,0,0,0,0
3,772,0,0,0,0,0,0,0
4,792,0,0,0,0,0,0,0
5,793,0,0,0,0,0,0,0
6,738,0,0,0,0,0,0,0
7,653,0,0,0,0,0,0,0
8,574,0,0,0,0,0,0,0
9,532,0,0,0,0,0,0,0
10,474,0,0,0,0,0,0,0
11,435,0,0,0,0,0,0,0
12,395,0,0,0,0,0,0,0
13,370,0,0,0,0,0,0,0
14,349,0,0,0,0,0,0,0
15,324,0,0,0,0,0,0,0
16,307,0,0,0,0,0,0,0
17,288,0,0,0,0,0,0,0
18,266,0,0,0,0,0,0,0
19,254,0,0,0,0,0,0,0
20,244,0,0,0,0,0,0,0
21,235,0,0,0,0,0,0,0
22,231,0,0,0,0,0,0,0
23,223,0,0,0,0,0,0,0
24,213,0,0,0,0,0,0,0
25,205,0,0,0,0,0,0,0
26,200,0,0,0,0,0,0,0
27,194,0,0,0,0,0,0,0
28,190,0,0,0,0,0,0,0
29,187,0,0,0,0,0,0,0
30,178,0,0,0,0,0,0,0
31,174,0,0,0,0,0,0,0
32,172,0,0,0,0,0,0,0
33,165,0,0,0,0,0,0,0
34,161,0,0,0,0,0,0,0
35,164,0,0,0,0,0,0,0
36,152,0,0,0,0,0,0,0
37,148,0,0,0,0,0,0,0
38,145,0,0,0,0,0,0,0
39,142,0,0,0,0,0,0,0
40,140,0,0,0,0,0,0,0
41,137,0,0,0,0,0,0,0
42,134,0,0,0,0,0,0,0
43,130,0,0,0,0,0,0,0
44,128,0,0,0,0,0,0,0
45,126,0,0,0,0,0,0,0
46,123,0,0,0,0,0,0,0
47,121,0,0,0,0,0,0,0
48,118,0,0,0,0,0,0,0
49,118,0,0,0,0,0,0,0
50,116,0,0,0,0,0,0,0
51,114,0,0,0,0,0,0,0
52,112,0,0,0,0,0,0,0
53,111,0,0,0,0,0,0,0
54,110,0,0,0,0,0,0,0
55,111,0,0,0,0,0,0,0
56,108,0,0,0,0,0,0,0
57,106,0,0,0,0,0,0,0
58,106,0,0,0,0,0,0,0
59,106,0,0,0,0,0,0,0
60,104,0,0,0,0,0,0,0
61,103,0,0,0,0,0,0,0
62,104,0,0,0,0,0,0,0
63,102,0,0,0,0,0,0,0
64,103,0,0,0,0,0,0,0
65,101,0,0,0,0,0,0,0
66,102,0,0,0,0,0,0,0
67,101,0,0,0,0,0,0,0
68,101,0,0,0,0,0,0,0
69,100,0,0,0,0,0,0,0
70,100,0,0,0,0,0,0,0
71,99,0,0,0,0,0,0,0
72,98,0,0,0,0,0,0,0
73,97,0,0,0,0,0,0,0
74,96,0,0,0,0,0,0,0
75,96,0,0,0,0,0,0,0
76,103,0,0,0,0,0,0,0
77,95,0,0,0,0,0,0,0
78,94,0,0,0,0,0,0,0
79,103,0,0,0,0,0,0,0
80,94,0,0,0,0,0,0,0
81,94,0,0,0,0,0,0,0
82,92,0,0,0,0,0,0,0
83,93,0,0,0,0,0,0,0
84,103,0,0,0,0,0,0,0
85,94,0,0,0,0,0,0,0
86,94,0,0,0,0,0,0,0
87,89,0,0,0,0,0,0,0
88,94,0,0,0,0,0,0,0
89,94,0,0,0,0,0,0,0
90,93,0,0,0,0,0,0,0
91,97,0,0,0,0,0,0,0
92,103,0,0,0,0,0,0,0
93,92,0,0,0,0,0,0,0
94,89,0,0,0,0,0,0,0
95,93,0,0,0,0,0,0,0
96,89,0,0,0,0,0,0,0
97,89,0,0,0,0,0,0,0
98,89,0,0,0,0,0,0,0
99,87,0,0,0,0,0,0,0
100,87,0,0,0,0,0,0,0
101,86,0,0,0,0,0,0,0
102,87,0,0,0,0,0,0,0
103,87,0,0,0,0,0,0,0
104,108,0,0,0,0,0,0,0
105,95,0,0,0,0,0,0,0
106,89,0,0,0,0,0,0,0
107,89,0,0,0,0,0,0,0
108,90,0,0,0,0,0,0,0
109,90,0,0,0,0,0,0,0
110,90,0,0,0,0,0,0,0
111,89,0,0,0,0,0,0,0
112,90,0,0,0,0,0,0,0
113,89,0,0,0,0,0,0,0
114,90,0,0,0,0,0,0,0
115,87,0,0,0,0,0,0,0
116,89,0,0,0,0,0,0,0
117,97,0,0,0,0,0,0,0
118,89,0,0,0,0,0,0,0
119,90,0,0,0,0,0,0,0
120,89,0,0,0,0,0,0,0
121,80,0,0,0,0,0,0,0
122,89,0,0,0,0,0,0,0
123,90,0,0,0,0,0,0,0
124,97,0,0,0,0,0,0,0
125,110,0,0,0,0,0,0,0
126,99,0,0,0,0,0,0,0
127,99,0,0,0,0,0,0,0
128,94,0,0,0,0,0,0,0
129,97,0,0,0,0,0,0,0
130,88,0,0,0,0,0,0,0
131,103,0,0,0,0,0,0,0
132,98,0,0,0,0,0,0,0
133,99,0,0,0,0,0,0,0
134,130,0,0,0,0,0,0,0
135,102,0,0,0,0,0,0,0
136,102,0,0,0,0,0,0,0
137,104,0,0,0,0,0,0,0
138,103,0,0,0,0,0,0,0
139,102,0,0,0,0,0,0,0
140,130,0,0,0,0,0,0,0
141,100,0,0,0,0,0,0,0
142,101,0,0,0,0,0,0,0
143,96,0,0,0,0,0,0,0
144,97,0,0,0,0,0,0,0
145,98,0,0,0,0,0,0,0
146,96,0,0,0,0,0,0,0
147,103,0,0,0,0,0,0,0
148,104,0,0,0,0,0,0,0
149,106,0,0,0,0,0,0,0
150,112,0,0,0,0,0,0,0
151,111,0,0,0,0,0,0,0
152,113,0,0,0,0,0,0,0
153,126,0,0,0,0,0,0,0
154,116,0,0,0,0,0,0,0
155,120,0,0,0,0,0,0,0
156,123,0,0,0,0,0,0,0
157,121,0,0,0,0,0,0,0
158,124,0,0,0,0,0,0,0
159,143,0,0,0,0,0,0,0
160,140,0,0,0,0,0,0,0
161,132,0,0,0,0,0,0,0
162,139,0,0,0,0,0,0,0
163,152,0,0,0,0,0,0,0
164,156,0,0,0,0,0,0,0
165,153,0,0,0,0,0,0,0
166,161,0,0,0,0,0,0,0
167,160,0,0,0,0,0,0,0
168,168,0,0,0,0,0,0,0
169,176,0,0,0,0,0,0,0
170,182,0,0,0,0,0,0,0
171,204,0,0,0,0,0,0,0
172,236,0,0,0,0,0,0,0
173,208,0,0,0,0,0,0,0
174,208,0,0,0,0,0,0,0
175,228,0,0,0,0,0,0,0
176,241,0,0,0,0,0,0,0
177,260,0,0,0,0,0,0,0
178,248,0,0,0,0,0,0,0
179,259,0,0,0,0,0,0,0
180,275,0,0,0,0,0,0,0
179,290,0,0,0,0,0,0,0
178,327,0,0,0,0,0,0,0
177,317,0,0,0,0,0,0,0
176,318,0,0,0,0,0,0,0
175,315,0,0,0,0,0,0,0
174,303,0,0,0,0,0,0,0
173,281,0,0,0,0,0,0,0
172,267,0,0,0,0,0,0,0
171,247,0,0,0,0,0,0,0
170,242,0,0,0,0,0,0,0
169,232,0,0,0,0,0,0,0
168,223,0,0,0,0,0,0,0
167,210,0,0,0,0,0,0,0
166,201,0,0,0,0,0,0,0
165,196,0,0,0,0,0,0,0
164,190,0,0,0,0,0,0,0
163,181,0,0,0,0,0,0,0
162,177,0,0,0,0,0,0,0
161,169,0,0,0,0,0,0,0
160,162,0,0,0,0,0,0,0
159,156,0,0,0,0,0,0,0
158,151,0,0,0,0,0,0,0
157,146,0,0,0,0,0,0,0
156,140,0,0,0,0,0,0,0
155,151,0,0,0,0,0,0,0
154,133,0,0,0,0,0,0,0
153,129,0,0,0,0,0,0,0
152,126,0,0,0,0,0,0,0
151,123,0,0,0,0,0,0,0
150,122,0,0,0,0,0,0,0
149,120,0,0,0,0,0,0,0
148,121,0,0,0,0,0,0,0
147,116,0,0,0,0,0,0,0
146,114,0,0,0,0,0,0,0
145,112,0,0,0,0,0,0,0
144,127,0,0,0,0,0,0,0
143,111,0,0,0,0,0,0,0
142,105,0,0,0,0,0,0,0
141,104,0,0,0,0,0,0,0
140,108,0,0,0,0,0,0,0
139,95,0,0,0,0,0,0,0
138,110,0,0,0,0,0,0,0
137,95,0,0,0,0,0,0,0
136,97,0,0,0,0,0,0,0
135,102,0,0,0,0,0,0,0
134,102,0,0,0,0,0,0,0
133,102,0,0,0,0,0,0,0
132,128,0,0,0,0,0,0,0
131,104,0,0,0,0,0,0,0
130,104,0,0,0,0,0,0,0
129,101,0,0,0,0,0,0,0
128,107,0,0,0,0,0,0,0
127,101,0,0,0,0,0,0,0
126,99,0,0,0,0,0,0,0
125,100,0,0,0,0,0,0,0
124,94,0,0,0,0,0,0,0
123,98,0,0,0,0,0,0,0
122,94,0,0,0,0,0,0,0
121,93,0,0,0,0,0,0,0
120,92,0,0,0,0,0,0,0
119,111,0,0,0,0,0,0,0
118,92,0,0,0,0,0,0,0
117,87,0,0,0,0,0,0,0
116,90,0,0,0,0,0,0,0
115,80,0,0,0,0,0,0,0
114,89,0,0,0,0,0,0,0
113,89,0,0,0,0,0,0,0
112,89,0,0,0,0,0,0,0
111,94,0,0,0,0,0,0,0
110,89,0,0,0,0,0,0,0
109,89,0,0,0,0,0,0,0
108,90,0,0,0,0,0,0,0
107,92,0,0,0,0,0,0,0
106,89,0,0,0,0,0,0,0
105,89,0,0,0,0,0,0,0
104,90,0,0,0,0,0,0,0
103,90,0,0,0,0,0,0,0
102,89,0,0,0,0,0,0,0
101,89,0,0,0,0,0,0,0
100,89,0,0,0,0,0,0,0
99,88,0,0,0,0,0,0,0
98,88,0,0,0,0,0,0,0
97,95,0,0,0,0,0,0,0
96,87,0,0,0,0,0,0,0
95,87,0,0,0,0,0,0,0
94,86,0,0,0,0,0,0,0
93,86,0,0,0,0,0,0,0
92,88,0,0,0,0,0,0,0
91,88,0,0,0,0,0,0,0
90,89,0,0,0,0,0,0,0
89,94,0,0,0,0,0,0,0
88,89,0,0,0,0,0,0,0
87,89,0,0,0,0,0,0,0
86,102,0,0,0,0,0,0,0
85,92,0,0,0,0,0,0,0
84,94,0,0,0,0,0,0,0
83,93,0,0,0,0,0,0,0
82,93,0,0,0,0,0,0,0
81,93,0,0,0,0,0,0,0
80,93,0,0,0,0,0,0,0
79,95,0,0,0,0,0,0,0
78,94,0,0,0,0,0,0,0
77,88,0,0,0,0,0,0,0
76,103,0,0,0,0,0,0,0
75,94,0,0,0,0,0,0,0
74,95,0,0,0,0,0,0,0
73,95,0,0,0,0,0,0,0
72,94,0,0,0,0,0,0,0
71,93,0,0,0,0,0,0,0
70,95,0,0,0,0,0,0,0
69,95,0,0,0,0,0,0,0
68,98,0,0,0,0,0,0,0
67,98,0,0,0,0,0,0,0
66,98,0,0,0,0,0,0,0
65,99,0,0,0,0,0,0,0
64,101,0,0,0,0,0,0,0
63,109,0,0,0,0,0,0,0
62,101,0,0,0,0,0,0,0
61,101,0,0,0,0,0,0,0
60,99,0,0,0,0,0,0,0
59,102,0,0,0,0,0,0,0
58,101,0,0,0,0,0,0,0
57,103,0,0,0,0,0,0,0
56,103,0,0,0,0,0,0,0
55,104,0,0,0,0,0,0,0
54,105,0,0,0,0,0,0,0
53,105,0,0,0,0,0,0,0
52,107,0,0,0,0,0,0,0
51,107,0,0,0,0,0,0,0
50,108,0,0,0,0,0,0,0
49,110,0,0,0,0,0,0,0
48,112,0,0,0,0,0,0,0
47,111,0,0,0,0,0,0,0
46,113,0,0,0,0,0,0,0
45,114,0,0,0,0,0,0,0
44,118,0,0,0,0,0,0,0
43,117,0,0,0,0,0,0,0
42,119,0,0,0,0,0,0,0
41,121,0,0,0,0,0,0,0
40,123,0,0,0,0,0,0,0
39,128,0,0,0,0,0,0,0
38,129,0,0,0,0,0,0,0
37,130,0,0,0,0,0,0,0
36,137,0,0,0,0,0,0,0
35,135,0,0,0,0,0,0,0
34,137,0,0,0,0,0,0,0
33,139,0,0,0,0,0,0,0
32,145,0,0,0,0,0,0,0
31,147,0,0,0,0,0,0,0
30,159,0,0,0,0,0,0,0
29,156,0,0,0,0,0,0,0
28,159,0,0,0,0,0,0,0
27,162,0,0,0,0,0,0,0
26,167,0,0,0,0,0,0,0
25,172,0,0,0,0,0,0,0
24,176,0,0,0,0,0,0,0
23,182,0,0,0,0,0,0,0
22,188,0,0,0,0,0,0,0
21,191,0,0,0,0,0,0,0
20,197,0,0,0,0,0,0,0
19,203,0,0,0,0,0,0,0
18,211,0,0,0,0,0,0,0
17,216,0,0,0,0,0,0,0
16,224,0,0,0,0,0,0,0
15,235,0,0,0,0,0,0,0
14,238,0,0,0,0,0,0,0
13,246,0,0,0,0,0,0,0
12,251,0,0,0,0,0,0,0
11,277,0,0,0,0,0,0,0
10,292,0,0,0,0,0,0,0
9,311,0,0,0,0,0,0,0
8,328,0,0,0,0,0,0,0
7,345,0,0,0,0,0,0,0
6,372,0,0,0,0,0,0,0
5,393,0,0,0,0,0,0,0
4,416,0,0,0,0,0,0,0
3,454,0,0,0,0,0,0,0
2,490,0,0,0,0,0,0,0
1,547,0,0,0,0,0,0,0
0,602,0,0,0,0,0,0,0
1,654,0,0,0,0,0,0,0
2,725,0,0,0,0,0,0,0
3,774,0,0,0,0,0,0,0
4,791,0,0,0,0,0,0,0
5,790,0,0,0,0,0,0,0
6,735,0,0,0,0,0,0,0
7,652,0,0,0,0,0,0,0
8,576,0,0,0,0,0,0,0
9,529,0,0,0,0,0,0,0
10,473,0,0,0,0,0,0,0
11,436,0,0,0,0,0,0,0
12,396,0,0,0,0,0,0,0
13,371,0,0,0,0,0,0,0
14,350,0,0,0,0,0,0,0
15,324,0,0,0,0,0,0,0
16,309,0,0,0,0,0,0,0
17,289,0,0,0,0,0,0,0
18,267,0,0,0,0,0,0,0
19,255,0,0,0,0,0,0,0
20,244,0,0,0,0,0,0,0
21,235,0,0,0,0,0,0,0
22,233,0,0,0,0,0,0,0
23,223,0,0,0,0,0,0,0
24,214,0,0,0,0,0,0,0
25,206,0,0,0,0,0,0,0
26,200,0,0,0,0,0,0,0
27,194,0,0,0,0,0,0,0
28,190,0,0,0,0,0,0,0
29,185,0,0,0,0,0,0,0
30,177,0,0,0,0,0,0,0
31,173,0,0,0,0,0,0,0
32,174,0,0,0,0,0,0,0
33,166,0,0,0,0,0,0,0
34,160,0,0,0,0,0,0,0
35,157,0,0,0,0,0,0,0
36,152,0,0,0,0,0,0,0
37,149,0,0,0,0,0,0,0
38,146,0,0,0,0,0,0,0
39,142,0,0,0,0,0,0,0
40,139,0,0,0,0,0,0,0
41,137,0,0,0,0,0,0,0
42,133,0,0,0,0,0,0,0
43,132,0,0,0,0,0,0,0
44,126,0,0,0,0,0,0,0
45,126,0,0,0,0,0,0,0
46,124,0,0,0,0,0,0,0
47,121,0,0,0,0,0,0,0
48,119,0,0,0,0,0,0,0
49,118,0,0,0,0,0,0,0
50,117,0,0,0,0,0,0,0
51,114,0,0,0,0,0,0,0
52,112,0,0,0,0,0,0,0
53,111,0,0,0,0,0,0,0
54,111,0,0,0,0,0,0,0
55,126,0,0,0,0,0,0,0
56,109,0,0,0,0,0,0,0
57,108,0,0,0,0,0,0,0
58,107,0,0,0,0,0,0,0
59,111,0,0,0,0,0,0,0
60,105,0,0,0,0,0,0,0
61,104,0,0,0,0,0,0,0
62,104,0,0,0,0,0,0,0
63,103,0,0,0,0,0,0,0
64,102,0,0,0,0,0,0,0
65,103,0,0,0,0,0,0,0
66,102,0,0,0,0,0,0,0
67,101,0,0,0,0,0,0,0
68,103,0,0,0,0,0,0,0
69,101,0,0,0,0,0,0,0
70,103,0,0,0,0,0,0,0
71,100,0,0,0,0,0,0,0
72,99,0,0,0,0,0,0,0
73,96,0,0,0,0,0,0,0
74,92,0,0,0,0,0,0,0
75,96,0,0,0,0,0,0,0
76,95,0,0,0,0,0,0,0
77,96,0,0,0,0,0,0,0
78,96,0,0,0,0,0,0,0
79,92,0,0,0,0,0,0,0
80,98,0,0,0,0,0,0,0
81,94,0,0,0,0,0,0,0
82,94,0,0,0,0,0,0,0
83,94,0,0,0,0,0,0,0
84,91,0,0,0,0,0,0,0
85,96,0,0,0,0,0,0,0
86,95,0,0,0,0,0,0,0
87,91,0,0,0,0,0,0,0
88,93,0,0,0,0,0,0,0
89,81,0,0,0,0,0,0,0
90,91,0,0,0,0,0,0,0
91,92,0,0,0,0,0,0,0
92,95,0,0,0,0,0,0,0
93,90,0,0,0,0,0,0,0
94,90,0,0,0,0,0,0,0
95,90,0,0,0,0,0,0,0
96,90,0,0,0,0,0,0,0
97,92,0,0,0,0,0,0,0
98,88,0,0,0,0,0,0,0
99,87,0,0,0,0,0,0,0
100,89,0,0,0,0,0,0,0
101,86,0,0,0,0,0,0,0
102,87,0,0,0,0,0,0,0
103,87,0,0,0,0,0,0,0
104,88,0,0,0,0,0,0,0
105,87,0,0,0,0,0,0,0
106,92,0,0,0,0,0,0,0
107,89,0,0,0,0,0,0,0
108,100,0,0,0,0,0,0,0
109,89,0,0,0,0,0,0,0
110,90,0,0,0,0,0,0,0
111,92,0,0,0,0,0,0,0
112,89,0,0,0,0,0,0,0
113,103,0,0,0,0,0,0,0
114,90,0,0,0,0,0,0,0
115,88,0,0,0,0,0,0,0
116,90,0,0,0,0,0,0,0
117,103,0,0,0,0,0,0,0
118,89,0,0,0,0,0,0,0
119,90,0,0,0,0,0,0,0
120,89,0,0,0,0,0,0,0
121,97,0,0,0,0,0,0,0
122,91,0,0,0,0,0,0,0
123,81,0,0,0,0,0,0,0
124,91,0,0,0,0,0,0,0
125,96,0,0,0,0,0,0,0
126,91,0,0,0,0,0,0,0
127,93,0,0,0,0,0,0,0
128,94,0,0,0,0,0,0,0
129,96,0,0,0,0,0,0,0
130,88,0,0,0,0,0,0,0
131,100,0,0,0,0,0,0,0
132,97,0,0,0,0,0,0,0
133,102,0,0,0,0,0,0,0
134,101,0,0,0,0,0,0,0
135,102,0,0,0,0,0,0,0
136,102,0,0,0,0,0,0,0
137,106,0,0,0,0,0,0,0
138,103,0,0,0,0,0,0,0
139,105,0,0,0,0,0,0,0
140,103,0,0,0,0,0,0,0
141,96,0,0,0,0,0,0,0
142,107,0,0,0,0,0,0,0
143,98,0,0,0,0,0,0,0
144,95,0,0,0,0,0,0,0
145,94,0,0,0,0,0,0,0
146,92,0,0,0,0,0,0,0
147,97,0,0,0,0,0,0,0
148,111,0,0,0,0,0,0,0
149,109,0,0,0,0,0,0,0
150,108,0,0,0,0,0,0,0
151,129,0,0,0,0,0,0,0
152,115,0,0,0,0,0,0,0
153,117,0,0,0,0,0,0,0
154,120,0,0,0,0,0,0,0
155,126,0,0,0,0,0,0,0
156,119,0,0,0,0,0,0,0
157,123,0,0,0,0,0,0,0
158,128,0,0,0,0,0,0,0
159,125,0,0,0,0,0,0,0
160,135,0,0,0,0,0,0,0
161,123,0,0,0,0,0,0,0
162,140,0,0,0,0,0,0,0
163,152,0,0,0,0,0,0,0
164,149,0,0,0,0,0,0,0
165,155,0,0,0,0,0,0,0
166,158,0,0,0,0,0,0,0
167,175,0,0,0,0,0,0,0
168,171,0,0,0,0,0,0,0
169,176,0,0,0,0,0,0,0
170,190,0,0,0,0,0,0,0
171,199,0,0,0,0,0,0,0
172,198,0,0,0,0,0,0,0
173,208,0,0,0,0,0,0,0
174,232,0,0,0,0,0,0,0
175,227,0,0,0,0,0,0,0
176,233,0,0,0,0,0,0,0
177,260,0,0,0,0,0,0,0
178,251,0,0,0,0,0,0,0
179,268,0,0,0,0,0,0,0
180,295,0,0,0,0,0,0,0
179,291,0,0,0,0,0,0,0
178,307,0,0,0,0,0,0,0
177,314,0,0,0,0,0,0,0
176,318,0,0,0,0,0,0,0
175,320,0,0,0,0,0,0,0
174,306,0,0,0,0,0,0,0
173,285,0,0,0,0,0,0,0
172,268,0,0,0,0,0,0,0
171,263,0,0,0,0,0,0,0
170,252,0,0,0,0,0,0,0
169,242,0,0,0,0,0,0,0
168,222,0,0,0,0,0,0,0
167,211,0,0,0,0,0,0,0
166,205,0,0,0,0,0,0,0
165,196,0,0,0,0,0,0,0
164,190,0,0,0,0,0,0,0
163,181,0,0,0,0,0,0,0
162,184,0,0,0,0,0,0,0
161,170,0,0,0,0,0,0,0
160,165,0,0,0,0,0,0,0
159,157,0,0,0,0,0,0,0
158,151,0,0,0,0,0,0,0
157,146,0,0,0,0,0,0,0
156,141,0,0,0,0,0,0,0
155,138,0,0,0,0,0,0,0
154,131,0,0,0,0,0,0,0
153,128,0,0,0,0,0,0,0
152,129,0,0,0,0,0,0,0
151,125,0,0,0,0,0,0,0
150,122,0,0,0,0,0,0,0
149,120,0,0,0,0,0,0,0
148,121,0,0,0,0,0,0,0
147,119,0,0,0,0,0,0,0
146,114,0,0,0,0,0,0,0
145,113,0,0,0,0,0,0,0
144,125,0,0,0,0,0,0,0
143,107,0,0,0,0,0,0,0
142,104,0,0,0,0,0,0,0
141,106,0,0,0,0,0,0,0
140,95,0,0,0,0,0,0,0
139,94,0,0,0,0,0,0,0
138,93,0,0,0,0,0,0,0
137,96,0,0,0,0,0,0,0
136,99,0,0,0,0,0,0,0
135,100,0,0,0,0,0,0,0
134,92,0,0,0,0,0,0,0
133,103,0,0,0,0,0,0,0
132,102,0,0,0,0,0,0,0
131,101,0,0,0,0,0,0,0
130,102,0,0,0,0,0,0,0
129,102,0,0,0,0,0,0,0
128,106,0,0,0,0,0,0,0
127,101,0,0,0,0,0,0,0
126,99,0,0,0,0,0,0,0
125,97,0,0,0,0,0,0,0
124,103,0,0,0,0,0,0,0
123,97,0,0,0,0,0,0,0
122,95,0,0,0,0,0,0,0
121,91,0,0,0,0,0,0,0
120,93,0,0,0,0,0,0,0
119,92,0,0,0,0,0,0,0
118,91,0,0,0,0,0,0,0
117,91,0,0,0,0,0,0,0
116,90,0,0,0,0,0,0,0
115,99,0,0,0,0,0,0,0
114,89,0,0,0,0,0,0,0
113,88,0,0,0,0,0,0,0
112,87,0,0,0,0,0,0,0
111,88,0,0,0,0,0,0,0
110,89,0,0,0,0,0,0,0
109,88,0,0,0,0,0,0,0
108,91,0,0,0,0,0,0,0
107,92,0,0,0,0,0,0,0
106,99,0,0,0,0,0,0,0
105,89,0,0,0,0,0,0,0
104,91,0,0,0,0,0,0,0
103,88,0,0,0,0,0,0,0
102,88,0,0,0,0,0,0,0
101,88,0,0,0,0,0,0,0
100,89,0,0,0,0,0,0,0
99,88,0,0,0,0,0,0,0
98,89,0,0,0,0,0,0,0
97,87,0,0,0,0,0,0,0
96,86,0,0,0,0,0,0,0
95,94,0,0,0,0,0,0,0
94,87,0,0,0,0,0,0,0
93,86,0,0,0,0,0,0,0
92,88,0,0,0,0,0,0,0
91,88,0,0,0,0,0,0,0
90,88,0,0,0,0,0,0,0
89,89,0,0,0,0,0,0,0
88,88,0,0,0,0,0,0,0
87,91,0,0,0,0,0,0,0
86,99,0,0,0,0,0,0,0
85,92,0,0,0,0,0,0,0
84,92,0,0,0,0,0,0,0
83,93,0,0,0,0,0,0,0
82,94,0,0,0,0,0,0,0
81,93,0,0,0,0,0,0,0
80,94,0,0,0,0,0,0,0
79,93,0,0,0,0,0,0,0
78,92,0,0,0,0,0,0,0
77,96,0,0,0,0,0,0,0
76,93,0,0,0,0,0,0,0
75,95,0,0,0,0,0,0,0
74,95,0,0,0,0,0,0,0
73,94,0,0,0,0,0,0,0
72,95,0,0,0,0,0,0,0
71,93,0,0,0,0,0,0,0
70,95,0,0,0,0,0,0,0
69,103,0,0,0,0,0,0,0
68,96,0,0,0,0,0,0,0
67,97,0,0,0,0,0,0,0
66,98,0,0,0,0,0,0,0
65,99,0,0,0,0,0,0,0
64,100,0,0,0,0,0,0,0
63,101,0,0,0,0,0,0,0
62,101,0,0,0,0,0,0,0
61,104,0,0,0,0,0,0,0
60,102,0,0,0,0,0,0,0
59,101,0,0,0,0,0,0,0
58,99,0,0,0,0,0,0,0
57,103,0,0,0,0,0,0,0
56,103,0,0,0,0,0,0,0
55,105,0,0,0,0,0,0,0
54,104,0,0,0,0,0,0,0
53,105,0,0,0,0,0,0,0
52,107,0,0,0,0,0,0,0
51,108,0,0,0,0,0,0,0
50,107,0,0,0,0,0,0,0
49,109,0,0,0,0,0,0,0
48,110,0,0,0,0,0,0,0
47,111,0,0,0,0,0,0,0
46,109,0,0,0,0,0,0,0
45,113,0,0,0,0,0,0,0
44,115,0,0,0,0,0,0,0
43,119,0,0,0,0,0,0,0
42,119,0,0,0,0,0,0,0
41,120,0,0,0,0,0,0,0
40,124,0,0,0,0,0,0,0
39,126,0,0,0,0,0,0,0
38,128,0,0,0,0,0,0,0
37,129,0,0,0,0,0,0,0
36,131,0,0,0,0,0,0,0
35,134,0,0,0,0,0,0,0
34,138,0,0,0,0,0,0,0
33,141,0,0,0,0,0,0,0
32,144,0,0,0,0,0,0,0
31,148,0,0,0,0,0,0,0
30,151,0,0,0,0,0,0,0
29,154,0,0,0,0,0,0,0
28,159,0,0,0,0,0,0,0
27,163,0,0,0,0,0,0,0
26,165,0,0,0,0,0,0,0
25,172,0,0,0,0,0,0,0
24,176,0,0,0,0,0,0,0
23,180,0,0,0,0,0,0,0
22,187,0,0,0,0,0,0,0
21,192,0,0,0,0,0,0,0
20,197,0,0,0,0,0,0,0
19,204,0,0,0,0,0,0,0
18,211,0,0,0,0,0,0,0
17,216,0,0,0,0,0,0,0
16,226,0,0,0,0,0,0,0
15,231,0,0,0,0,0,0,0
14,236,0,0,0,0,0,0,0
13,251,0,0,0,0,0,0,0
12,261,0,0,0,0,0,0,0
11,275,0,0,0,0,0,0,0
10,295,0,0,0,0,0,0,0
9,311,0,0,0,0,0,0,0
8,328,0,0,0,0,0,0,0
7,351,0,0,0,0,0,0,0
6,369,0,0,0,0,0,0,0
5,386,0,0,0,0,0,0,0
4,416,0,0,0,0,0,0,0
3,450,0,0,0,0,0,0,0
2,495,0,0,0,0,0,0,0
1,544,0,0,0,0,0,0,0
0,585,0,0,0,0,0,0,0
1,653,0,0,0,0,0,0,0
2,721,0,0,0,0,0,0,0
3,764,0,0,0,0,0,0,0
4,780,0,0,0,0,0,0,0
5,785,0,0,0,0,0,0,0
6,729,0,0,0,0,0,0,0
7,655,0,0,0,0,0,0,0
8,589,0,0,0,0,0,0,0
9,531,0,0,0,0,0,0,0
10,478,0,0,0,0,0,0,0
11,431,0,0,0,0,0,0,0
12,397,0,0,0,0,0,0,0
13,374,0,0,0,0,0,0,0
14,345,0,0,0,0,0,0,0
15,326,0,0,0,0,0,0,0
16,313,0,0,0,0,0,0,0
17,285,0,0,0,0,0,0,0
18,268,0,0,0,0,0,0,0
19,258,0,0,0,0,0,0,0
20,242,0,0,0,0,0,0,0
21,235,0,0,0,0,0,0,0
22,232,0,0,0,0,0,0,0
23,222,0,0,0,0,0,0,0
24,214,0,0,0,0,0,0,0
25,207,0,0,0,0,0,0,0
26,198,0,0,0,0,0,0,0
27,195,0,0,0,0,0,0,0
28,192,0,0,0,0,0,0,0
29,183,0,0,0,0,0,0,0
30,178,0,0,0,0,0,0,0
31,173,0,0,0,0,0,0,0
32,169,0,0,0,0,0,0,0
33,163,0,0,0,0,0,0,0
34,161,0,0,0,0,0,0,0
35,156,0,0,0,0,0,0,0
36,152,0,0,0,0,0,0,0
37,153,0,0,0,0,0,0,0
38,145,0,0,0,0,0,0,0
39,143,0,0,0,0,0,0,0
40,141,0,0,0,0,0,0,0
41,136,0,0,0,0,0,0,0
42,133,0,0,0,0,0,0,0
43,130,0,0,0,0,0,0,0
44,127,0,0,0,0,0,0,0
45,125,0,0,0,0,0,0,0
46,123,0,0,0,0,0,0,0
47,121,0,0,0,0,0,0,0
48,119,0,0,0,0,0,0,0
49,118,0,0,0,0,0,0,0
50,115,0,0,0,0,0,0,0
51,116,0,0,0,0,0,0,0
52,112,0,0,0,0,0,0,0
53,110,0,0,0,0,0,0,0
54,111,0,0,0,0,0,0,0
55,109,0,0,0,0,0,0,0
56,107,0,0,0,0,0,0,0
57,107,0,0,0,0,0,0,0
58,107,0,0,0,0,0,0,0
59,105,0,0,0,0,0,0,0
60,105,0,0,0,0,0,0,0
61,103,0,0,0,0,0,0,0
62,103,0,0,0,0,0,0,0
63,102,0,0,0,0,0,0,0
64,101,0,0,0,0,0,0,0
65,101,0,0,0,0,0,0,0
66,101,0,0,0,0,0,0,0
67,103,0,0,0,0,0,0,0
68,101,0,0,0,0,0,0,0
69,100,0,0,0,0,0,0,0
70,102,0,0,0,0,0,0,0
71,98,0,0,0,0,0,0,0
72,97,0,0,0,0,0,0,0
73,96,0,0,0,0,0,0,0
74,96,0,0,0,0,0,0,0
75,95,0,0,0,0,0,0,0
76,95,0,0,0,0,0,0,0
77,94,0,0,0,0,0,0,0
78,95,0,0,0,0,0,0,0
79,94,0,0,0,0,0,0,0
80,94,0,0,0,0,0,0,0
81,94,0,0,0,0,0,0,0
82,93,0,0,0,0,0,0,0
83,95,0,0,0,0,0,0,0
84,93,0,0,0,0,0,0,0
85,93,0,0,0,0,0,0,0
86,92,0,0,0,0,0,0,0
87,93,0,0,0,0,0,0,0
88,94,0,0,0,0,0,0,0
89,92,0,0,0,0,0,0,0
90,92,0,0,0,0,0,0,0
91,92,0,0,0,0,0,0,0
92,92,0,0,0,0,0,0,0
93,91,0,0,0,0,0,0,0
94,89,0,0,0,0,0,0,0
95,89,0,0,0,0,0,0,0
96,93,0,0,0,0,0,0,0
97,89,0,0,0,0,0,0,0
98,90,0,0,0,0,0,0,0
99,87,0,0,0,0,0,0,0
100,86,0,0,0,0,0,0,0
101,87,0,0,0,0,0,0,0
102,88,0,0,0,0,0,0,0
103,87,0,0,0,0,0,0,0
104,89,0,0,0,0,0,0,0
105,88,0,0,0,0,0,0,0
106,89,0,0,0,0,0,0,0
107,88,0,0,0,0,0,0,0
108,89,0,0,0,0,0,0,0
109,90,0,0,0,0,0,0,0
110,91,0,0,0,0,0,0,0
111,89,0,0,0,0,0,0,0
112,89,0,0,0,0,0,0,0
113,94,0,0,0,0,0,0,0
114,100,0,0,0,0,0,0,0
115,89,0,0,0,0,0,0,0
116,89,0,0,0,0,0,0,0
117,90,0,0,0,0,0,0,0
118,87,0,0,0,0,0,0,0
119,91,0,0,0,0,0,0,0
120,89,0,0,0,0,0,0,0
121,90,0,0,0,0,0,0,0
122,97,0,0,0,0,0,0,0
123,90,0,0,0,0,0,0,0
124,91,0,0,0,0,0,0,0
125,96,0,0,0,0,0,0,0
126,116,0,0,0,0,0,0,0
127,97,0,0,0,0,0,0,0
128,91,0,0,0,0,0,0,0
129,94,0,0,0,0,0,0,0
130,92,0,0,0,0,0,0,0
131,100,0,0,0,0,0,0,0
132,98,0,0,0,0,0,0,0
133,104,0,0,0,0,0,0,0
134,96,0,0,0,0,0,0,0
135,111,0,0,0,0,0,0,0
136,103,0,0,0,0,0,0,0
137,103,0,0,0,0,0,0,0
138,102,0,0,0,0,0,0,0
139,103,0,0,0,0,0,0,0
140,104,0,0,0,0,0,0,0
141,111,0,0,0,0,0,0,0
142,98,0,0,0,0,0,0,0
143,108,0,0,0,0,0,0,0
144,97,0,0,0,0,0,0,0
145,93,0,0,0,0,0,0,0
146,98,0,0,0,0,0,0,0
147,97,0,0,0,0,0,0,0
148,103,0,0,0,0,0,0,0
149,106,0,0,0,0,0,0,0
150,108,0,0,0,0,0,0,0
151,112,0,0,0,0,0,0,0
152,116,0,0,0,0,0,0,0
153,116,0,0,0,0,0,0,0
154,135,0,0,0,0,0,0,0
155,123,0,0,0,0,0,0,0
156,121,0,0,0,0,0,0,0
157,136,0,0,0,0,0,0,0
158,123,0,0,0,0,0,0,0
159,128,0,0,0,0,0,0,0
160,143,0,0,0,0,0,0,0
161,170,0,0,0,0,0,0,0
162,143,0,0,0,0,0,0,0
163,146,0,0,0,0,0,0,0
164,149,0,0,0,0,0,0,0
165,145,0,0,0,0,0,0,0
166,166,0,0,0,0,0,0,0
167,160,0,0,0,0,0,0,0
168,172,0,0,0,0,0,0,0
169,177,0,0,0,0,0,0,0
170,207,0,0,0,0,0,0,0
171,191,0,0,0,0,0,0,0
172,184,0,0,0,0,0,0,0
173,216,0,0,0,0,0,0,0
174,218,0,0,0,0,0,0,0
175,219,0,0,0,0,0,0,0
176,231,0,0,0,0,0,0,0
177,242,0,0,0,0,0,0,0
178,271,0,0,0,0,0,0,0
179,271,0,0,0,0,0,0,0
180,283,0,0,0,0,0,0,0
179,302,0,0,0,0,0,0,0
178,310,0,0,0,0,0,0,0
177,312,0,0,0,0,0,0,0
176,314,0,0,0,0,0,0,0
175,312,0,0,0,0,0,0,0
174,321,0,0,0,0,0,0,0
173,281,0,0,0,0,0,0,0
172,266,0,0,0,0,0,0,0
171,252,0,0,0,0,0,0,0
170,238,0,0,0,0,0,0,0
169,227,0,0,0,0,0,0,0
168,218,0,0,0,0,0,0,0
167,213,0,0,0,0,0,0,0
166,201,0,0,0,0,0,0,0
165,194,0,0,0,0,0,0,0
164,188,0,0,0,0,0,0,0
163,181,0,0,0,0,0,0,0
162,175,0,0,0,0,0,0,0
161,168,0,0,0,0,0,0,0
160,163,0,0,0,0,0,0,0
159,157,0,0,0,0,0,0,0
158,151,0,0,0,0,0,0,0
157,151,0,0,0,0,0,0,0
156,141,0,0,0,0,0,0,0
155,136,0,0,0,0,0,0,0
154,134,0,0,0,0,0,0,0
153,128,0,0,0,0,0,0,0
152,126,0,0,0,0,0,0,0
151,124,0,0,0,0,0,0,0
150,121,0,0,0,0,0,0,0
149,119,0,0,0,0,0,0,0
148,119,0,0,0,0,0,0,0
147,116,0,0,0,0,0,0,0
146,114,0,0,0,0,0,0,0
145,112,0,0,0,0,0,0,0
144,111,0,0,0,0,0,0,0
143,109,0,0,0,0,0,0,0
142,102,0,0,0,0,0,0,0
141,99,0,0,0,0,0,0,0
140,102,0,0,0,0,0,0,0
139,96,0,0,0,0,0,0,0
138,94,0,0,0,0,0,0,0
137,96,0,0,0,0,0,0,0
136,96,0,0,0,0,0,0,0
135,101,0,0,0,0,0,0,0
134,102,0,0,0,0,0,0,0
133,105,0,0,0,0,0,0,0
132,101,0,0,0,0,0,0,0
131,102,0,0,0,0,0,0,0
130,94,0,0,0,0,0,0,0
129,100,0,0,0,0,0,0,0
128,100,0,0,0,0,0,0,0
127,99,0,0,0,0,0,0,0
126,99,0,0,0,0,0,0,0
125,99,0,0,0,0,0,0,0
124,96,0,0,0,0,0,0,0
123,93,0,0,0,0,0,0,0
122,93,0,0,0,0,0,0,0
121,93,0,0,0,0,0,0,0
120,95,0,0,0,0,0,0,0
119,92,0,0,0,0,0,0,0
118,91,0,0,0,0,0,0,0
117,90,0,0,0,0,0,0,0
116,89,0,0,0,0,0,0,0
115,89,0,0,0,0,0,0,0
114,83,0,0,0,0,0,0,0
113,89,0,0,0,0,0,0,0
112,89,0,0,0,0,0,0,0
111,91,0,0,0,0,0,0,0
110,89,0,0,0,0,0,0,0
109,88,0,0,0,0,0,0,0
108,89,0,0,0,0,0,0,0
107,89,0,0,0,0,0,0,0
106,90,0,0,0,0,0,0,0
105,92,0,0,0,0,0,0,0
104,89,0,0,0,0,0,0,0
103,93,0,0,0,0,0,0,0
102,91,0,0,0,0,0,0,0
101,89,0,0,0,0,0,0,0
100,89,0,0,0,0,0,0,0
99,88,0,0,0,0,0,0,0
98,108,0,0,0,0,0,0,0
97,87,0,0,0,0,0,0,0
96,97,0,0,0,0,0,0,0
95,87,0,0,0,0,0,0,0
94,87,0,0,0,0,0,0,0
93,87,0,0,0,0,0,0,0
92,88,0,0,0,0,0,0,0
91,88,0,0,0,0,0,0,0
90,88,0,0,0,0,0,0,0
89,89,0,0,0,0,0,0,0
88,89,0,0,0,0,0,0,0
87,87,0,0,0,0,0,0,0
86,83,0,0,0,0,0,0,0
85,91,0,0,0,0,0,0,0
84,94,0,0,0,0,0,0,0
83,93,0,0,0,0,0,0,0
82,83,0,0,0,0,0,0,0
81,93,0,0,0,0,0,0,0
80,93,0,0,0,0,0,0,0
79,93,0,0,0,0,0,0,0
78,91,0,0,0,0,0,0,0
77,93,0,0,0,0,0,0,0
76,93,0,0,0,0,0,0,0
75,93,0,0,0,0,0,0,0
74,93,0,0,0,0,0,0,0
73,94,0,0,0,0,0,0,0
72,94,0,0,0,0,0,0,0
71,95,0,0,0,0,0,0,0
70,95,0,0,0,0,0,0,0
69,95,0,0,0,0,0,0,0
68,99,0,0,0,0,0,0,0
67,97,0,0,0,0,0,0,0
66,98,0,0,0,0,0,0,0
65,98,0,0,0,0,0,0,0
64,100,0,0,0,0,0,0,0
63,101,0,0,0,0,0,0,0
62,102,0,0,0,0,0,0,0
61,101,0,0,0,0,0,0,0
60,111,0,0,0,0,0,0,0
59,101,0,0,0,0,0,0,0
58,102,0,0,0,0,0,0,0
57,103,0,0,0,0,0,0,0
56,103,0,0,0,0,0,0,0
55,103,0,0,0,0,0,0,0
54,104,0,0,0,0,0,0,0
53,104,0,0,0,0,0,0,0
52,107,0,0,0,0,0,0,0
51,107,0,0,0,0,0,0,0
50,110,0,0,0,0,0,0,0
49,110,0,0,0,0,0,0,0
48,108,0,0,0,0,0,0,0
47,111,0,0,0,0,0,0,0
46,112,0,0,0,0,0,0,0
45,116,0,0,0,0,0,0,0
44,114,0,0,0,0,0,0,0
43,117,0,0,0,0,0,0,0
42,118,0,0,0,0,0,0,0
41,119,0,0,0,0,0,0,0
40,124,0,0,0,0,0,0,0
39,133,0,0,0,0,0,0,0
38,128,0,0,0,0,0,0,0
37,129,0,0,0,0,0,0,0
36,130,0,0,0,0,0,0,0
35,134,0,0,0,0,0,0,0
34,137,0,0,0,0,0,0,0
33,142,0,0,0,0,0,0,0
32,145,0,0,0,0,0,0,0
31,147,0,0,0,0,0,0,0
30,155,0,0,0,0,0,0,0
29,154,0,0,0,0,0,0,0
28,158,0,0,0,0,0,0,0
27,163,0,0,0,0,0,0,0
26,167,0,0,0,0,0,0,0
25,173,0,0,0,0,0,0,0
24,179,0,0,0,0,0,0,0
23,180,0,0,0,0,0,0,0
22,186,0,0,0,0,0,0,0
21,189,0,0,0,0,0,0,0
20,197,0,0,0,0,0,0,0
19,203,0,0,0,0,0,0,0
18,212,0,0,0,0,0,0,0
17,217,0,0,0,0,0,0,0
16,224,0,0,0,0,0,0,0
15,231,0,0,0,0,0,0,0
14,237,0,0,0,0,0,0,0
13,247,0,0,0,0,0,0,0
12,261,0,0,0,0,0,0,0
11,279,0,0,0,0,0,0,0
10,291,0,0,0,0,0,0,0
9,308,0,0,0,0,0,0,0
8,329,0,0,0,0,0,0,0
7,346,0,0,0,0,0,0,0
6,369,0,0,0,0,0,0,0
5,391,0,0,0,0,0,0,0
4,410,0,0,0,0,0,0,0
3,451,0,0,0,0,0,0,0
2,487,0,0,0,0,0,0,0
1,543,0,0,0,0,0,0,0
0,596,0,0,0,0,0,0,0
1,648,0,0,0,0,0,0,0
2,719,0,0,0,0,0,0,0
3,769,0,0,0,0,0,0,0
4,788,0,0,0,0,0,0,0
5,775,0,0,0,0,0,0,0
6,727,0,0,0,0,0,0,0
7,655,0,0,0,0,0,0,0
8,578,0,0,0,0,0,0,0
9,538,0,0,0,0,0,0,0
10,480,0,0,0,0,0,0,0
11,441,0,0,0,0,0,0,0
12,398,0,0,0,0,0,0,0
13,372,0,0,0,0,0,0,0
14,350,0,0,0,0,0,0,0
15,323,0,0,0,0,0,0,0
16,306,0,0,0,0,0,0,0
17,289,0,0,0,0,0,0,0
18,266,0,0,0,0,0,0,0
19,255,0,0,0,0,0,0,0
20,244,0,0,0,0,0,0,0
21,235,0,0,0,0,0,0,0
22,232,0,0,0,0,0,0,0
23,221,0,0,0,0,0,0,0
24,211,0,0,0,0,0,0,0
25,205,0,0,0,0,0,0,0
26,199,0,0,0,0,0,0,0
27,194,0,0,0,0,0,0,0
28,190,0,0,0,0,0,0,0
29,185,0,0,0,0,0,0,0
30,178,0,0,0,0,0,0,0
31,173,0,0,0,0,0,0,0
32,171,0,0,0,0,0,0,0
33,165,0,0,0,0,0,0,0
34,160,0,0,0,0,0,0,0
35,157,0,0,0,0,0,0,0
36,151,0,0,0,0,0,0,0
37,148,0,0,0,0,0,0,0
38,145,0,0,0,0,0,0,0
39,141,0,0,0,0,0,0,0
40,141,0,0,0,0,0,0,0
41,139,0,0,0,0,0,0,0
42,133,0,0,0,0,0,0,0
43,129,0,0,0,0,0,0,0
44,128,0,0,0,0,0,0,0
45,125,0,0,0,0,0,0,0
46,123,0,0,0,0,0,0,0
47,121,0,0,0,0,0,0,0
48,118,0,0,0,0,0,0,0
49,117,0,0,0,0,0,0,0
50,116,0,0,0,0,0,0,0
51,114,0,0,0,0,0,0,0
52,112,0,0,0,0,0,0,0
53,110,0,0,0,0,0,0,0
54,110,0,0,0,0,0,0,0
55,111,0,0,0,0,0,0,0
56,108,0,0,0,0,0,0,0
57,107,0,0,0,0,0,0,0
58,106,0,0,0,0,0,0,0
59,106,0,0,0,0,0,0,0
60,104,0,0,0,0,0,0,0
61,104,0,0,0,0,0,0,0
62,104,0,0,0,0,0,0,0
63,102,0,0,0,0,0,0,0
64,101,0,0,0,0,0,0,0
65,101,0,0,0,0,0,0,0
66,102,0,0,0,0,0,0,0
67,101,0,0,0,0,0,0,0
68,102,0,0,0,0,0,0,0
69,100,0,0,0,0,0,0,0
70,100,0,0,0,0,0,0,0
71,96,0,0,0,0,0,0,0
72,97,0,0,0,0,0,0,0
73,96,0,0,0,0,0,0,0
74,95,0,0,0,0,0,0,0
75,96,0,0,0,0,0,0,0
76,94,0,0,0,0,0,0,0
77,94,0,0,0,0,0,0,0
78,94,0,0,0,0,0,0,0
79,95,0,0,0,0,0,0,0
80,94,0,0,0,0,0,0,0
81,96,0,0,0,0,0,0,0
82,94,0,0,0,0,0,0,0
83,95,0,0,0,0,0,0,0
84,94,0,0,0,0,0,0,0
85,93,0,0,0,0,0,0,0
86,94,0,0,0,0,0,0,0
87,93,0,0,0,0,0,0,0
88,93,0,0,0,0,0,0,0
89,93,0,0,0,0,0,0,0
90,92,0,0,0,0,0,0,0
91,91,0,0,0,0,0,0,0
92,92,0,0,0,0,0,0,0
93,92,0,0,0,0,0,0,0
94,88,0,0,0,0,0,0,0
95,89,0,0,0,0,0,0,0
96,89,0,0,0,0,0,0,0
97,95,0,0,0,0,0,0,0
98,88,0,0,0,0,0,0,0
99,89,0,0,0,0,0,0,0
100,87,0,0,0,0,0,0,0
101,86,0,0,0,0,0,0,0
102,86,0,0,0,0,0,0,0
103,89,0,0,0,0,0,0,0
104,88,0,0,0,0,0,0,0
105,87,0,0,0,0,0,0,0
106,89,0,0,0,0,0,0,0
107,89,0,0,0,0,0,0,0
108,89,0,0,0,0,0,0,0
109,89,0,0,0,0,0,0,0
110,91,0,0,0,0,0,0,0
111,91,0,0,0,0,0,0,0
112,90,0,0,0,0,0,0,0
113,88,0,0,0,0,0,0,0
114,89,0,0,0,0,0,0,0
115,89,0,0,0,0,0,0,0
116,89,0,0,0,0,0,0,0
117,91,0,0,0,0,0,0,0
118,89,0,0,0,0,0,0,0
119,89,0,0,0,0,0,0,0
120,89,0,0,0,0,0,0,0
121,80,0,0,0,0,0,0,0
122,89,0,0,0,0,0,0,0
123,102,0,0,0,0,0,0,0
124,89,0,0,0,0,0,0,0
125,92,0,0,0,0,0,0,0
126,95,0,0,0,0,0,0,0
127,92,0,0,0,0,0,0,0
128,97,0,0,0,0,0,0,0
129,98,0,0,0,0,0,0,0
130,96,0,0,0,0,0,0,0
131,98,0,0,0,0,0,0,0
132,98,0,0,0,0,0,0,0
133,99,0,0,0,0,0,0,0
134,103,0,0,0,0,0,0,0
135,102,0,0,0,0,0,0,0
136,104,0,0,0,0,0,0,0
137,102,0,0,0,0,0,0,0
138,103,0,0,0,0,0,0,0
139,101,0,0,0,0,0,0,0
140,106,0,0,0,0,0,0,0
141,102,0,0,0,0,0,0,0
142,103,0,0,0,0,0,0,0
143,100,0,0,0,0,0,0,0
144,97,0,0,0,0,0,0,0
145,103,0,0,0,0,0,0,0
146,96,0,0,0,0,0,0,0
147,92,0,0,0,0,0,0,0
148,115,0,0,0,0,0,0,0
149,107,0,0,0,0,0,0,0
150,128,0,0,0,0,0,0,0
151,132,0,0,0,0,0,0,0
152,112,0,0,0,0,0,0,0
153,124,0,0,0,0,0,0,0
154,119,0,0,0,0,0,0,0
155,120,0,0,0,0,0,0,0
156,121,0,0,0,0,0,0,0
157,125,0,0,0,0,0,0,0
158,120,0,0,0,0,0,0,0
159,128,0,0,0,0,0,0,0
160,130,0,0,0,0,0,0,0
161,133,0,0,0,0,0,0,0
162,147,0,0,0,0,0,0,0
163,144,0,0,0,0,0,0,0
164,149,0,0,0,0,0,0,0
165,153,0,0,0,0,0,0,0
166,189,0,0,0,0,0,0,0
167,166,0,0,0,0,0,0,0
168,175,0,0,0,0,0,0,0
169,185,0,0,0,0,0,0,0
170,185,0,0,0,0,0,0,0
171,197,0,0,0,0,0,0,0
172,196,0,0,0,0,0,0,0
173,215,0,0,0,0,0,0,0
174,220,0,0,0,0,0,0,0
175,252,0,0,0,0,0,0,0
176,228,0,0,0,0,0,0,0
177,250,0,0,0,0,0,0,0
178,256,0,0,0,0,0,0,0
179,272,0,0,0,0,0,0,0
180,272,0,0,0,0,0,0,0
179,300,0,0,0,0,0,0,0
178,327,0,0,0,0,0,0,0
177,316,0,0,0,0,0,0,0
176,317,0,0,0,0,0,0,0
175,320,0,0,0,0,0,0,0
174,302,0,0,0,0,0,0,0
173,281,0,0,0,0,0,0,0
172,259,0,0,0,0,0,0,0
171,249,0,0,0,0,0,0,0
170,239,0,0,0,0,0,0,0
169,247,0,0,0,0,0,0,0
168,219,0,0,0,0,0,0,0
167,209,0,0,0,0,0,0,0
166,204,0,0,0,0,0,0,0
165,194,0,0,0,0,0,0,0
164,188,0,0,0,0,0,0,0
163,181,0,0,0,0,0,0,0
162,176,0,0,0,0,0,0,0
161,168,0,0,0,0,0,0,0
160,163,0,0,0,0,0,0,0
159,156,0,0,0,0,0,0,0
158,150,0,0,0,0,0,0,0
157,145,0,0,0,0,0,0,0
156,140,0,0,0,0,0,0,0
155,140,0,0,0,0,0,0,0
154,135,0,0,0,0,0,0,0
153,128,0,0,0,0,0,0,0
152,126,0,0,0,0,0,0,0
151,123,0,0,0,0,0,0,0
150,122,0,0,0,0,0,0,0
149,122,0,0,0,0,0,0,0
148,119,0,0,0,0,0,0,0
147,121,0,0,0,0,0,0,0
146,113,0,0,0,0,0,0,0
145,112,0,0,0,0,0,0,0
144,110,0,0,0,0,0,0,0
143,106,0,0,0,0,0,0,0
142,105,0,0,0,0,0,0,0
141,108,0,0,0,0,0,0,0
140,95,0,0,0,0,0,0,0
139,95,0,0,0,0,0,0,0
138,93,0,0,0,0,0,0,0
137,96,0,0,0,0,0,0,0
136,97,0,0,0,0,0,0,0
135,101,0,0,0,0,0,0,0
134,102,0,0,0,0,0,0,0
133,103,0,0,0,0,0,0,0
132,102,0,0,0,0,0,0,0
131,102,0,0,0,0,0,0,0
130,102,0,0,0,0,0,0,0
129,100,0,0,0,0,0,0,0
128,100,0,0,0,0,0,0,0
127,99,0,0,0,0,0,0,0
126,98,0,0,0,0,0,0,0
125,97,0,0,0,0,0,0,0
124,97,0,0,0,0,0,0,0
123,94,0,0,0,0,0,0,0
122,92,0,0,0,0,0,0,0
121,93,0,0,0,0,0,0,0
120,91,0,0,0,0,0,0,0
119,91,0,0,0,0,0,0,0
118,90,0,0,0,0,0,0,0
117,89,0,0,0,0,0,0,0
116,92,0,0,0,0,0,0,0
115,88,0,0,0,0,0,0,0
114,89,0,0,0,0,0,0,0
113,89,0,0,0,0,0,0,0
112,93,0,0,0,0,0,0,0
111,88,0,0,0,0,0,0,0
110,87,0,0,0,0,0,0,0
109,89,0,0,0,0,0,0,0
108,89,0,0,0,0,0,0,0
107,90,0,0,0,0,0,0,0
106,89,0,0,0,0,0,0,0
105,89,0,0,0,0,0,0,0
104,92,0,0,0,0,0,0,0
103,88,0,0,0,0,0,0,0
102,91,0,0,0,0,0,0,0
101,89,0,0,0,0,0,0,0
100,89,0,0,0,0,0,0,0
99,89,0,0,0,0,0,0,0
98,90,0,0,0,0,0,0,0
97,89,0,0,0,0,0,0,0
96,87,0,0,0,0,0,0,0
95,88,0,0,0,0,0,0,0
94,90,0,0,0,0,0,0,0
93,85,0,0,0,0,0,0,0
92,88,0,0,0,0,0,0,0
91,88,0,0,0,0,0,0,0
90,90,0,0,0,0,0,0,0
89,88,0,0,0,0,0,0,0
88,89,0,0,0,0,0,0,0
87,90,0,0,0,0,0,0,0
86,91,0,0,0,0,0,0,0
85,92,0,0,0,0,0,0,0
84,93,0,0,0,0,0,0,0
83,92,0,0,0,0,0,0,0
82,91,0,0,0,0,0,0,0
81,93,0,0,0,0,0,0,0
80,95,0,0,0,0,0,0,0
79,93,0,0,0,0,0,0,0
78,93,0,0,0,0,0,0,0
77,93,0,0,0,0,0,0,0
76,92,0,0,0,0,0,0,0
75,94,0,0,0,0,0,0,0
74,94,0,0,0,0,0,0,0
73,94,0,0,0,0,0,0,0
72,93,0,0,0,0,0,0,0
71,95,0,0,0,0,0,0,0
70,95,0,0,0,0,0,0,0
69,95,0,0,0,0,0,0,0
68,96,0,0,0,0,0,0,0
67,103,0,0,0,0,0,0,0
66,97,0,0,0,0,0,0,0
65,98,0,0,0,0,0,0,0
64,99,0,0,0,0,0,0,0
63,102,0,0,0,0,0,0,0
62,101,0,0,0,0,0,0,0
61,101,0,0,0,0,0,0,0
60,103,0,0,0,0,0,0,0
59,101,0,0,0,0,0,0,0
58,101,0,0,0,0,0,0,0
57,103,0,0,0,0,0,0,0
56,103,0,0,0,0,0,0,0
55,104,0,0,0,0,0,0,0
54,104,0,0,0,0,0,0,0
53,104,0,0,0,0,0,0,0
52,106,0,0,0,0,0,0,0
51,107,0,0,0,0,0,0,0
50,107,0,0,0,0,0,0,0
49,109,0,0,0,0,0,0,0
48,110,0,0,0,0,0,0,0
47,109,0,0,0,0,0,0,0
46,112,0,0,0,0,0,0,0
45,113,0,0,0,0,0,0,0
44,115,0,0,0,0,0,0,0
43,117,0,0,0,0,0,0,0
42,118,0,0,0,0,0,0,0
41,119,0,0,0,0,0,0,0
40,123,0,0,0,0,0,0,0
39,126,0,0,0,0,0,0,0
38,128,0,0,0,0,0,0,0
37,129,0,0,0,0,0,0,0
36,132,0,0,0,0,0,0,0
35,134,0,0,0,0,0,0,0
34,137,0,0,0,0,0,0,0
33,140,0,0,0,0,0,0,0
32,144,0,0,0,0,0,0,0
31,148,0,0,0,0,0,0,0
30,151,0,0,0,0,0,0,0
29,154,0,0,0,0,0,0,0
28,158,0,0,0,0,0,0,0
27,162,0,0,0,0,0,0,0
26,166,0,0,0,0,0,0,0
25,172,0,0,0,0,0,0,0
24,176,0,0,0,0,0,0,0
23,177,0,0,0,0,0,0,0
22,186,0,0,0,0,0,0,0
21,189,0,0,0,0,0,0,0
20,195,0,0,0,0,0,0,0
19,202,0,0,0,0,0,0,0
18,207,0,0,0,0,0,0,0
17,214,0,0,0,0,0,0,0
16,223,0,0,0,0,0,0,0
15,230,0,0,0,0,0,0,0
14,231,0,0,0,0,0,0,0
13,247,0,0,0,0,0,0,0
12,256,0,0,0,0,0,0,0
11,273,0,0,0,0,0,0,0
10,294,0,0,0,0,0,0,0
9,309,0,0,0,0,0,0,0
8,327,0,0,0,0,0,0,0
7,347,0,0,0,0,0,0,0
6,364,0,0,0,0,0,0,0
5,392,0,0,0,0,0,0,0
4,417,0,0,0,0,0,0,0
3,447,0,0,0,0,0,0,0
2,488,0,0,0,0,0,0,0
1,535,0,0,0,0,0,0,0
0,597,0,0,0,0,0,0,0
1,658,0,0,0,0,0,0,0
2,719,0,0,0,0,0,0,0
3,765,0,0,0,0,0,0,0
4,784,0,0,0,0,0,0,0
5,775,0,0,0,0,0,0,0
6,718,0,0,0,0,0,0,0
7,655,0,0,0,0,0,0,0
8,577,0,0,0,0,0,0,0
9,525,0,0,0,0,0,0,0
10,479,0,0,0,0,0,0,0
11,436,0,0,0,0,0,0,0
12,401,0,0,0,0,0,0,0
13,368,0,0,0,0,0,0,0
14,343,0,0,0,0,0,0,0
15,328,0,0,0,0,0,0,0
16,303,0,0,0,0,0,0,0
17,281,0,0,0,0,0,0,0
18,271,0,0,0,0,0,0,0
19,253,0,0,0,0,0,0,0
20,241,0,0,0,0,0,0,0
21,235,0,0,0,0,0,0,0
22,228,0,0,0,0,0,0,0
23,221,0,0,0,0,0,0,0
24,215,0,0,0,0,0,0,0
25,205,0,0,0,0,0,0,0
26,197,0,0,0,0,0,0,0
27,195,0,0,0,0,0,0,0
28,190,0,0,0,0,0,0,0
29,186,0,0,0,0,0,0,0
30,178,0,0,0,0,0,0,0
31,172,0,0,0,0,0,0,0
32,169,0,0,0,0,0,0,0
33,165,0,0,0,0,0,0,0
34,159,0,0,0,0,0,0,0
35,156,0,0,0,0,0,0,0
36,152,0,0,0,0,0,0,0
37,147,0,0,0,0,0,0,0
38,144,0,0,0,0,0,0,0
39,143,0,0,0,0,0,0,0
40,138,0,0,0,0,0,0,0
41,135,0,0,0,0,0,0,0
42,133,0,0,0,0,0,0,0
43,129,0,0,0,0,0,0,0
44,128,0,0,0,0,0,0,0
45,128,0,0,0,0,0,0,0
46,122,0,0,0,0,0,0,0
47,121,0,0,0,0,0,0,0
48,119,0,0,0,0,0,0,0
49,117,0,0,0,0,0,0,0
50,114,0,0,0,0,0,0,0
51,114,0,0,0,0,0,0,0
52,112,0,0,0,0,0,0,0
53,110,0,0,0,0,0,0,0
54,109,0,0,0,0,0,0,0
55,108,0,0,0,0,0,0,0
56,108,0,0,0,0,0,0,0
57,107,0,0,0,0,0,0,0
58,106,0,0,0,0,0,0,0
59,105,0,0,0,0,0,0,0
60,104,0,0,0,0,0,0,0
61,103,0,0,0,0,0,0,0
62,103,0,0,0,0,0,0,0
63,102,0,0,0,0,0,0,0
64,101,0,0,0,0,0,0,0
65,102,0,0,0,0,0,0,0
66,101,0,0,0,0,0,0,0
67,101,0,0,0,0,0,0,0
68,100,0,0,0,0,0,0,0
69,100,0,0,0,0,0,0,0
70,99,0,0,0,0,0,0,0
71,98,0,0,0,0,0,0,0
72,97,0,0,0,0,0,0,0
73,97,0,0,0,0,0,0,0
74,96,0,0,0,0,0,0,0
75,94,0,0,0,0,0,0,0
76,95,0,0,0,0,0,0,0
77,95,0,0,0,0,0,0,0
78,94,0,0,0,0,0,0,0
79,95,0,0,0,0,0,0,0
80,94,0,0,0,0,0,0,0
81,94,0,0,0,0,0,0,0
82,94,0,0,0,0,0,0,0
83,92,0,0,0,0,0,0,0
84,93,0,0,0,0,0,0,0
85,93,0,0,0,0,0,0,0
86,93,0,0,0,0,0,0,0
87,102,0,0,0,0,0,0,0
88,92,0,0,0,0,0,0,0
89,93,0,0,0,0,0,0,0
90,92,0,0,0,0,0,0,0
91,92,0,0,0,0,0,0,0
92,93,0,0,0,0,0,0,0
93,92,0,0,0,0,0,0,0
94,90,0,0,0,0,0,0,0
95,89,0,0,0,0,0,0,0
96,88,0,0,0,0,0,0,0
97,89,0,0,0,0,0,0,0
98,87,0,0,0,0,0,0,0
99,87,0,0,0,0,0,0,0
100,87,0,0,0,0,0,0,0
101,86,0,0,0,0,0,0,0
102,87,0,0,0,0,0,0,0
103,89,0,0,0,0,0,0,0
104,87,0,0,0,0,0,0,0
105,88,0,0,0,0,0,0,0
106,90,0,0,0,0,0,0,0
107,89,0,0,0,0,0,0,0
108,90,0,0,0,0,0,0,0
109,90,0,0,0,0,0,0,0
110,90,0,0,0,0,0,0,0
111,89,0,0,0,0,0,0,0
112,90,0,0,0,0,0,0,0
113,89,0,0,0,0,0,0,0
114,89,0,0,0,0,0,0,0
115,88,0,0,0,0,0,0,0
116,89,0,0,0,0,0,0,0
117,89,0,0,0,0,0,0,0
118,92,0,0,0,0,0,0,0
119,89,0,0,0,0,0,0,0
120,90,0,0,0,0,0,0,0
121,93,0,0,0,0,0,0,0
122,90,0,0,0,0,0,0,0
123,90,0,0,0,0,0,0,0
124,90,0,0,0,0,0,0,0
125,91,0,0,0,0,0,0,0
126,95,0,0,0,0,0,0,0
127,97,0,0,0,0,0,0,0
128,94,0,0,0,0,0,0,0
129,95,0,0,0,0,0,0,0
130,96,0,0,0,0,0,0,0
131,97,0,0,0,0,0,0,0
132,97,0,0,0,0,0,0,0
133,99,0,0,0,0,0,0,0
134,101,0,0,0,0,0,0,0
135,127,0,0,0,0,0,0,0
136,101,0,0,0,0,0,0,0
137,102,0,0,0,0,0,0,0
138,103,0,0,0,0,0,0,0
139,102,0,0,0,0,0,0,0
140,110,0,0,0,0,0,0,0
141,100,0,0,0,0,0,0,0
142,97,0,0,0,0,0,0,0
143,96,0,0,0,0,0,0,0
144,93,0,0,0,0,0,0,0
145,93,0,0,0,0,0,0,0
146,95,0,0,0,0,0,0,0
147,100,0,0,0,0,0,0,0
148,103,0,0,0,0,0,0,0
149,107,0,0,0,0,0,0,0
150,111,0,0,0,0,0,0,0
151,112,0,0,0,0,0,0,0
152,114,0,0,0,0,0,0,0
153,113,0,0,0,0,0,0,0
154,118,0,0,0,0,0,0,0
155,120,0,0,0,0,0,0,0
156,121,0,0,0,0,0,0,0
157,125,0,0,0,0,0,0,0
158,127,0,0,0,0,0,0,0
159,128,0,0,0,0,0,0,0
160,125,0,0,0,0,0,0,0
161,134,0,0,0,0,0,0,0
162,139,0,0,0,0,0,0,0
163,143,0,0,0,0,0,0,0
164,148,0,0,0,0,0,0,0
165,154,0,0,0,0,0,0,0
166,158,0,0,0,0,0,0,0
167,171,0,0,0,0,0,0,0
168,172,0,0,0,0,0,0,0
169,178,0,0,0,0,0,0,0
170,185,0,0,0,0,0,0,0
171,192,0,0,0,0,0,0,0
172,200,0,0,0,0,0,0,0
173,207,0,0,0,0,0,0,0
174,212,0,0,0,0,0,0,0
175,227,0,0,0,0,0,0,0
176,233,0,0,0,0,0,0,0
177,240,0,0,0,0,0,0,0
178,257,0,0,0,0,0,0,0
179,270,0,0,0,0,0,0,0
180,280,0,0,0,0,0,0,0
179,299,0,0,0,0,0,0,0
178,315,0,0,0,0,0,0,0
177,330,0,0,0,0,0,0,0
176,333,0,0,0,0,0,0,0
175,312,0,0,0,0,0,0,0
174,289,0,0,0,0,0,0,0
173,281,0,0,0,0,0,0,0
172,260,0,0,0,0,0,0,0
171,253,0,0,0,0,0,0,0
170,248,0,0,0,0,0,0,0
169,235,0,0,0,0,0,0,0
168,223,0,0,0,0,0,0,0
167,211,0,0,0,0,0,0,0
166,203,0,0,0,0,0,0,0
165,200,0,0,0,0,0,0,0
164,191,0,0,0,0,0,0,0
163,186,0,0,0,0,0,0,0
162,184,0,0,0,0,0,0,0
161,168,0,0,0,0,0,0,0
160,164,0,0,0,0,0,0,0
159,161,0,0,0,0,0,0,0
158,154,0,0,0,0,0,0,0
157,167,0,0,0,0,0,0,0
156,140,0,0,0,0,0,0,0
155,129,0,0,0,0,0,0,0
154,121,0,0,0,0,0,0,0
153,130,0,0,0,0,0,0,0
152,120,0,0,0,0,0,0,0
151,125,0,0,0,0,0,0,0
150,123,0,0,0,0,0,0,0
149,125,0,0,0,0,0,0,0
148,119,0,0,0,0,0,0,0
147,120,0,0,0,0,0,0,0
146,115,0,0,0,0,0,0,0
145,112,0,0,0,0,0,0,0
144,113,0,0,0,0,0,0,0
143,108,0,0,0,0,0,0,0
142,111,0,0,0,0,0,0,0
141,101,0,0,0,0,0,0,0
140,108,0,0,0,0,0,0,0
139,110,0,0,0,0,0,0,0
138,86,0,0,0,0,0,0,0
137,94,0,0,0,0,0,0,0
136,101,0,0,0,0,0,0,0
135,111,0,0,0,0,0,0,0
134,104,0,0,0,0,0,0,0
133,103,0,0,0,0,0,0,0
132,96,0,0,0,0,0,0,0
131,99,0,0,0,0,0,0,0
130,103,0,0,0,0,0,0,0
129,101,0,0,0,0,0,0,0
128,107,0,0,0,0,0,0,0
127,97,0,0,0,0,0,0,0
126,104,0,0,0,0,0,0,0
125,97,0,0,0,0,0,0,0
124,99,0,0,0,0,0,0,0
123,95,0,0,0,0,0,0,0
122,91,0,0,0,0,0,0,0
121,103,0,0,0,0,0,0,0
120,97,0,0,0,0,0,0,0
119,92,0,0,0,0,0,0,0
118,91,0,0,0,0,0,0,0
117,90,0,0,0,0,0,0,0
116,89,0,0,0,0,0,0,0
115,90,0,0,0,0,0,0,0
114,89,0,0,0,0,0,0,0
113,90,0,0,0,0,0,0,0
112,90,0,0,0,0,0,0,0
111,90,0,0,0,0,0,0,0
110,91,0,0,0,0,0,0,0
109,89,0,0,0,0,0,0,0
108,90,0,0,0,0,0,0,0
107,89,0,0,0,0,0,0,0
106,83,0,0,0,0,0,0,0
105,92,0,0,0,0,0,0,0
104,90,0,0,0,0,0,0,0
103,90,0,0,0,0,0,0,0
102,89,0,0,0,0,0,0,0
101,89,0,0,0,0,0,0,0
100,88,0,0,0,0,0,0,0
99,87,0,0,0,0,0,0,0
98,103,0,0,0,0,0,0,0
97,88,0,0,0,0,0,0,0
96,86,0,0,0,0,0,0,0
95,87,0,0,0,0,0,0,0
94,88,0,0,0,0,0,0,0
93,87,0,0,0,0,0,0,0
92,92,0,0,0,0,0,0,0
91,89,0,0,0,0,0,0,0
90,88,0,0,0,0,0,0,0
89,88,0,0,0,0,0,0,0
88,91,0,0,0,0,0,0,0
87,91,0,0,0,0,0,0,0
86,92,0,0,0,0,0,0,0
85,103,0,0,0,0,0,0,0
84,88,0,0,0,0,0,0,0
83,93,0,0,0,0,0,0,0
82,93,0,0,0,0,0,0,0
81,93,0,0,0,0,0,0,0
80,94,0,0,0,0,0,0,0
79,93,0,0,0,0,0,0,0
78,103,0,0,0,0,0,0,0
77,93,0,0,0,0,0,0,0
76,92,0,0,0,0,0,0,0
75,94,0,0,0,0,0,0,0
74,103,0,0,0,0,0,0,0
73,94,0,0,0,0,0,0,0
72,89,0,0,0,0,0,0,0
71,94,0,0,0,0,0,0,0
70,95,0,0,0,0,0,0,0
69,95,0,0,0,0,0,0,0
68,99,0,0,0,0,0,0,0
67,97,0,0,0,0,0,0,0
66,98,0,0,0,0,0,0,0
65,100,0,0,0,0,0,0,0
64,99,0,0,0,0,0,0,0
63,100,0,0,0,0,0,0,0
62,101,0,0,0,0,0,0,0
61,100,0,0,0,0,0,0,0
60,101,0,0,0,0,0,0,0
59,101,0,0,0,0,0,0,0
58,101,0,0,0,0,0,0,0
57,103,0,0,0,0,0,0,0
56,103,0,0,0,0,0,0,0
55,103,0,0,0,0,0,0,0
54,104,0,0,0,0,0,0,0
53,104,0,0,0,0,0,0,0
52,103,0,0,0,0,0,0,0
51,108,0,0,0,0,0,0,0
50,108,0,0,0,0,0,0,0
49,109,0,0,0,0,0,0,0
48,116,0,0,0,0,0,0,0
47,110,0,0,0,0,0,0,0
46,112,0,0,0,0,0,0,0
45,112,0,0,0,0,0,0,0
44,115,0,0,0,0,0,0,0
43,117,0,0,0,0,0,0,0
42,117,0,0,0,0,0,0,0
41,120,0,0,0,0,0,0,0
40,123,0,0,0,0,0,0,0
39,127,0,0,0,0,0,0,0
38,128,0,0,0,0,0,0,0
37,129,0,0,0,0,0,0,0
36,113,0,0,0,0,0,0,0
35,134,0,0,0,0,0,0,0
34,137,0,0,0,0,0,0,0
33,131,0,0,0,0,0,0,0
32,144,0,0,0,0,0,0,0
31,147,0,0,0,0,0,0,0
30,145,0,0,0,0,0,0,0
29,155,0,0,0,0,0,0,0
28,158,0,0,0,0,0,0,0
27,161,0,0,0,0,0,0,0
26,167,0,0,0,0,0,0,0
25,172,0,0,0,0,0,0,0
24,175,0,0,0,0,0,0,0
23,180,0,0,0,0,0,0,0
22,185,0,0,0,0,0,0,0
21,190,0,0,0,0,0,0,0
20,197,0,0,0,0,0,0,0
19,202,0,0,0,0,0,0,0
18,205,0,0,0,0,0,0,0
17,214,0,0,0,0,0,0,0
16,222,0,0,0,0,0,0,0
15,228,0,0,0,0,0,0,0
14,235,0,0,0,0,0,0,0
13,245,0,0,0,0,0,0,0
12,260,0,0,0,0,0,0,0
11,279,0,0,0,0,0,0,0
10,290,0,0,0,0,0,0,0
9,308,0,0,0,0,0,0,0
8,330,0,0,0,0,0,0,0
7,346,0,0,0,0,0,0,0
6,369,0,0,0,0,0,0,0
5,392,0,0,0,0,0,0,0
4,415,0,0,0,0,0,0,0
3,451,0,0,0,0,0,0,0
2,486,0,0,0,0,0,0,0
1,541,0,0,0,0,0,0,0
0,593,0,0,0,0,0,0,0
1,649,0,0,0,0,0,0,0
2,718,0,0,0,0,0,0,0
3,768,0,0,0,0,0,0,0
4,787,0,0,0,0,0,0,0
5,774,0,0,0,0,0,0,0
6,727,0,0,0,0,0,0,0
7,651,0,0,0,0,0,0,0
8,574,0,0,0,0,0,0,0
9,526,0,0,0,0,0,0,0
10,474,0,0,0,0,0,0,0
11,439,0,0,0,0,0,0,0
12,399,0,0,0,0,0,0,0
13,371,0,0,0,0,0,0,0
14,350,0,0,0,0,0,0,0
15,324,0,0,0,0,0,0,0
16,305,0,0,0,0,0,0,0
17,288,0,0,0,0,0,0,0
18,267,0,0,0,0,0,0,0
19,254,0,0,0,0,0,0,0
20,242,0,0,0,0,0,0,0
21,234,0,0,0,0,0,0,0
22,229,0,0,0,0,0,0,0
23,222,0,0,0,0,0,0,0
24,213,0,0,0,0,0,0,0
25,204,0,0,0,0,0,0,0
26,199,0,0,0,0,0,0,0
27,193,0,0,0,0,0,0,0
28,189,0,0,0,0,0,0,0
29,187,0,0,0,0,0,0,0
30,179,0,0,0,0,0,0,0
31,174,0,0,0,0,0,0,0
32,171,0,0,0,0,0,0,0
33,165,0,0,0,0,0,0,0
34,162,0,0,0,0,0,0,0
35,158,0,0,0,0,0,0,0
36,152,0,0,0,0,0,0,0
37,150,0,0,0,0,0,0,0
38,146,0,0,0,0,0,0,0
39,142,0,0,0,0,0,0,0
40,139,0,0,0,0,0,0,0
41,135,0,0,0,0,0,0,0
42,132,0,0,0,0,0,0,0
43,128,0,0,0,0,0,0,0
44,130,0,0,0,0,0,0,0
45,126,0,0,0,0,0,0,0
46,124,0,0,0,0,0,0,0
47,122,0,0,0,0,0,0,0
48,119,0,0,0,0,0,0,0
49,118,0,0,0,0,0,0,0
50,115,0,0,0,0,0,0,0
51,114,0,0,0,0,0,0,0
52,112,0,0,0,0,0,0,0
53,110,0,0,0,0,0,0,0
54,110,0,0,0,0,0,0,0
55,109,0,0,0,0,0,0,0
56,108,0,0,0,0,0,0,0
57,107,0,0,0,0,0,0,0
58,107,0,0,0,0,0,0,0
59,112,0,0,0,0,0,0,0
60,104,0,0,0,0,0,0,0
61,104,0,0,0,0,0,0,0
62,103,0,0,0,0,0,0,0
63,102,0,0,0,0,0,0,0
64,109,0,0,0,0,0,0,0
65,101,0,0,0,0,0,0,0
66,101,0,0,0,0,0,0,0
67,101,0,0,0,0,0,0,0
68,92,0,0,0,0,0,0,0
69,100,0,0,0,0,0,0,0
70,101,0,0,0,0,0,0,0
71,98,0,0,0,0,0,0,0
72,98,0,0,0,0,0,0,0
73,99,0,0,0,0,0,0,0
74,96,0,0,0,0,0,0,0
75,95,0,0,0,0,0,0,0
76,93,0,0,0,0,0,0,0
77,94,0,0,0,0,0,0,0
78,95,0,0,0,0,0,0,0
79,94,0,0,0,0,0,0,0
80,94,0,0,0,0,0,0,0
81,94,0,0,0,0,0,0,0
82,93,0,0,0,0,0,0,0
83,94,0,0,0,0,0,0,0
84,95,0,0,0,0,0,0,0
85,93,0,0,0,0,0,0,0
86,96,0,0,0,0,0,0,0
87,93,0,0,0,0,0,0,0
88,93,0,0,0,0,0,0,0
89,96,0,0,0,0,0,0,0
90,92,0,0,0,0,0,0,0
91,96,0,0,0,0,0,0,0
92,91,0,0,0,0,0,0,0
93,91,0,0,0,0,0,0,0
94,92,0,0,0,0,0,0,0
95,92,0,0,0,0,0,0,0
96,89,0,0,0,0,0,0,0
97,88,0,0,0,0,0,0,0
98,95,0,0,0,0,0,0,0
99,88,0,0,0,0,0,0,0
100,80,0,0,0,0,0,0,0
101,102,0,0,0,0,0,0,0
102,88,0,0,0,0,0,0,0
103,88,0,0,0,0,0,0,0
104,92,0,0,0,0,0,0,0
105,89,0,0,0,0,0,0,0
106,89,0,0,0,0,0,0,0
107,89,0,0,0,0,0,0,0
108,94,0,0,0,0,0,0,0
109,81,0,0,0,0,0,0,0
110,90,0,0,0,0,0,0,0
111,108,0,0,0,0,0,0,0
112,91,0,0,0,0,0,0,0
113,90,0,0,0,0,0,0,0
114,87,0,0,0,0,0,0,0
115,89,0,0,0,0,0,0,0
116,89,0,0,0,0,0,0,0
117,92,0,0,0,0,0,0,0
118,88,0,0,0,0,0,0,0
119,88,0,0,0,0,0,0,0
120,99,0,0,0,0,0,0,0
121,90,0,0,0,0,0,0,0
122,89,0,0,0,0,0,0,0
123,92,0,0,0,0,0,0,0
124,90,0,0,0,0,0,0,0
125,97,0,0,0,0,0,0,0
126,94,0,0,0,0,0,0,0
127,93,0,0,0,0,0,0,0
128,98,0,0,0,0,0,0,0
129,96,0,0,0,0,0,0,0
130,91,0,0,0,0,0,0,0
131,97,0,0,0,0,0,0,0
132,99,0,0,0,0,0,0,0
133,100,0,0,0,0,0,0,0
134,108,0,0,0,0,0,0,0
135,111,0,0,0,0,0,0,0
136,111,0,0,0,0,0,0,0
137,102,0,0,0,0,0,0,0
138,104,0,0,0,0,0,0,0
139,103,0,0,0,0,0,0,0
140,103,0,0,0,0,0,0,0
141,103,0,0,0,0,0,0,0
142,99,0,0,0,0,0,0,0
143,96,0,0,0,0,0,0,0
144,103,0,0,0,0,0,0,0
145,94,0,0,0,0,0,0,0
146,95,0,0,0,0,0,0,0
147,92,0,0,0,0,0,0,0
148,103,0,0,0,0,0,0,0
149,107,0,0,0,0,0,0,0
150,113,0,0,0,0,0,0,0
151,113,0,0,0,0,0,0,0
152,119,0,0,0,0,0,0,0
153,115,0,0,0,0,0,0,0
154,113,0,0,0,0,0,0,0
155,130,0,0,0,0,0,0,0
156,124,0,0,0,0,0,0,0
157,123,0,0,0,0,0,0,0
158,125,0,0,0,0,0,0,0
159,143,0,0,0,0,0,0,0
160,127,0,0,0,0,0,0,0
161,136,0,0,0,0,0,0,0
162,158,0,0,0,0,0,0,0
163,148,0,0,0,0,0,0,0
164,147,0,0,0,0,0,0,0
165,156,0,0,0,0,0,0,0
166,174,0,0,0,0,0,0,0
167,167,0,0,0,0,0,0,0
168,191,0,0,0,0,0,0,0
169,176,0,0,0,0,0,0,0
170,189,0,0,0,0,0,0,0
171,207,0,0,0,0,0,0,0
172,203,0,0,0,0,0,0,0
173,207,0,0,0,0,0,0,0
174,214,0,0,0,0,0,0,0
175,223,0,0,0,0,0,0,0
176,240,0,0,0,0,0,0,0
177,248,0,0,0,0,0,0,0
178,258,0,0,0,0,0,0,0
179,266,0,0,0,0,0,0,0
180,269,0,0,0,0,0,0,0
179,295,0,0,0,0,0,0,0
178,312,0,0,0,0,0,0,0
177,323,0,0,0,0,0,0,0
176,324,0,0,0,0,0,0,0
175,311,0,0,0,0,0,0,0
174,293,0,0,0,0,0,0,0
173,279,0,0,0,0,0,0,0
172,261,0,0,0,0,0,0,0
171,249,0,0,0,0,0,0,0
170,264,0,0,0,0,0,0,0
169,279,0,0,0,0,0,0,0
168,226,0,0,0,0,0,0,0
167,231,0,0,0,0,0,0,0
166,211,0,0,0,0,0,0,0
165,197,0,0,0,0,0,0,0
164,204,0,0,0,0,0,0,0
163,207,0,0,0,0,0,0,0
162,182,0,0,0,0,0,0,0
161,193,0,0,0,0,0,0,0
160,166,0,0,0,0,0,0,0
159,165,0,0,0,0,0,0,0
158,152,0,0,0,0,0,0,0
157,160,0,0,0,0,0,0,0
156,146,0,0,0,0,0,0,0
155,151,0,0,0,0,0,0,0
154,133,0,0,0,0,0,0,0
153,124,0,0,0,0,0,0,0
152,143,0,0,0,0,0,0,0
151,130,0,0,0,0,0,0,0
150,122,0,0,0,0,0,0,0
149,122,0,0,0,0,0,0,0
148,124,0,0,0,0,0,0,0
147,116,0,0,0,0,0,0,0
146,115,0,0,0,0,0,0,0
145,112,0,0,0,0,0,0,0
144,115,0,0,0,0,0,0,0
143,112,0,0,0,0,0,0,0
142,105,0,0,0,0,0,0,0
141,99,0,0,0,0,0,0,0
140,97,0,0,0,0,0,0,0
139,95,0,0,0,0,0,0,0
138,95,0,0,0,0,0,0,0
137,95,0,0,0,0,0,0,0
136,98,0,0,0,0,0,0,0
135,100,0,0,0,0,0,0,0
134,111,0,0,0,0,0,0,0
133,103,0,0,0,0,0,0,0
132,101,0,0,0,0,0,0,0
131,102,0,0,0,0,0,0,0
130,102,0,0,0,0,0,0,0
129,101,0,0,0,0,0,0,0
128,103,0,0,0,0,0,0,0
127,99,0,0,0,0,0,0,0
126,98,0,0,0,0,0,0,0
125,99,0,0,0,0,0,0,0
124,96,0,0,0,0,0,0,0
123,91,0,0,0,0,0,0,0
122,98,0,0,0,0,0,0,0
121,92,0,0,0,0,0,0,0
120,94,0,0,0,0,0,0,0
119,94,0,0,0,0,0,0,0
118,91,0,0,0,0,0,0,0
117,83,0,0,0,0,0,0,0
116,95,0,0,0,0,0,0,0
115,89,0,0,0,0,0,0,0
114,90,0,0,0,0,0,0,0
113,88,0,0,0,0,0,0,0
112,88,0,0,0,0,0,0,0
111,89,0,0,0,0,0,0,0
110,93,0,0,0,0,0,0,0
109,89,0,0,0,0,0,0,0
108,90,0,0,0,0,0,0,0
107,88,0,0,0,0,0,0,0
106,90,0,0,0,0,0,0,0
105,91,0,0,0,0,0,0,0
104,90,0,0,0,0,0,0,0
103,89,0,0,0,0,0,0,0
102,89,0,0,0,0,0,0,0
101,93,0,0,0,0,0,0,0
100,89,0,0,0,0,0,0,0
99,88,0,0,0,0,0,0,0
98,87,0,0,0,0,0,0,0
97,87,0,0,0,0,0,0,0
96,97,0,0,0,0,0,0,0
95,86,0,0,0,0,0,0,0
94,87,0,0,0,0,0,0,0
93,89,0,0,0,0,0,0,0
92,88,0,0,0,0,0,0,0
91,88,0,0,0,0,0,0,0
90,88,0,0,0,0,0,0,0
89,99,0,0,0,0,0,0,0
88,89,0,0,0,0,0,0,0
87,89,0,0,0,0,0,0,0
86,91,0,0,0,0,0,0,0
85,92,0,0,0,0,0,0,0
84,92,0,0,0,0,0,0,0
83,93,0,0,0,0,0,0,0
82,93,0,0,0,0,0,0,0
81,93,0,0,0,0,0,0,0
80,94,0,0,0,0,0,0,0
79,93,0,0,0,0,0,0,0
78,88,0,0,0,0,0,0,0
77,93,0,0,0,0,0,0,0
76,93,0,0,0,0,0,0,0
75,95,0,0,0,0,0,0,0
74,93,0,0,0,0,0,0,0
73,94,0,0,0,0,0,0,0
72,94,0,0,0,0,0,0,0
71,94,0,0,0,0,0,0,0
70,103,0,0,0,0,0,0,0
69,95,0,0,0,0,0,0,0
68,103,0,0,0,0,0,0,0
67,96,0,0,0,0,0,0,0
66,97,0,0,0,0,0,0,0
65,100,0,0,0,0,0,0,0
64,100,0,0,0,0,0,0,0
63,101,0,0,0,0,0,0,0
62,101,0,0,0,0,0,0,0
61,101,0,0,0,0,0,0,0
60,101,0,0,0,0,0,0,0
59,102,0,0,0,0,0,0,0
58,101,0,0,0,0,0,0,0
57,102,0,0,0,0,0,0,0
56,103,0,0,0,0,0,0,0
55,104,0,0,0,0,0,0,0
54,104,0,0,0,0,0,0,0
53,104,0,0,0,0,0,0,0
52,106,0,0,0,0,0,0,0
51,107,0,0,0,0,0,0,0
50,107,0,0,0,0,0,0,0
49,109,0,0,0,0,0,0,0
48,110,0,0,0,0,0,0,0
47,110,0,0,0,0,0,0,0
46,113,0,0,0,0,0,0,0
45,114,0,0,0,0,0,0,0
44,116,0,0,0,0,0,0,0
43,115,0,0,0,0,0,0,0
42,119,0,0,0,0,0,0,0
41,119,0,0,0,0,0,0,0
40,123,0,0,0,0,0,0,0
39,125,0,0,0,0,0,0,0
38,128,0,0,0,0,0,0,0
37,131,0,0,0,0,0,0,0
36,133,0,0,0,0,0,0,0
35,134,0,0,0,0,0,0,0
34,138,0,0,0,0,0,0,0
33,140,0,0,0,0,0,0,0
32,144,0,0,0,0,0,0,0
31,147,0,0,0,0,0,0,0
30,150,0,0,0,0,0,0,0
29,156,0,0,0,0,0,0,0
28,159,0,0,0,0,0,0,0
27,162,0,0,0,0,0,0,0
26,168,0,0,0,0,0,0,0
25,172,0,0,0,0,0,0,0
24,175,0,0,0,0,0,0,0
23,181,0,0,0,0,0,0,0
22,185,0,0,0,0,0,0,0
21,191,0,0,0,0,0,0,0
20,196,0,0,0,0,0,0,0
19,203,0,0,0,0,0,0,0
18,207,0,0,0,0,0,0,0
17,215,0,0,0,0,0,0,0
16,224,0,0,0,0,0,0,0
15,230,0,0,0,0,0,0,0
14,234,0,0,0,0,0,0,0
13,248,0,0,0,0,0,0,0
12,256,0,0,0,0,0,0,0
11,272,0,0,0,0,0,0,0
10,292,0,0,0,0,0,0,0
9,307,0,0,0,0,0,0,0
8,325,0,0,0,0,0,0,0
7,348,0,0,0,0,0,0,0
6,366,0,0,0,0,0,0,0
5,393,0,0,0,0,0,0,0
4,418,0,0,0,0,0,0,0
3,449,0,0,0,0,0,0,0
2,491,0,0,0,0,0,0,0
1,538,0,0,0,0,0,0,0
0,600,0,0,0,0,0,0,0
1,658,0,0,0,0,0,0,0
2,721,0,0,0,0,0,0,0
3,765,0,0,0,0,0,0,0
4,782,0,0,0,0,0,0,0
5,779,0,0,0,0,0,0,0
6,729,0,0,0,0,0,0,0
7,658,0,0,0,0,0,0,0
8,575,0,0,0,0,0,0,0
9,524,0,0,0,0,0,0,0
10,478,0,0,0,0,0,0,0
11,433,0,0,0,0,0,0,0
12,399,0,0,0,0,0,0,0
13,380,0,0,0,0,0,0,0
14,348,0,0,0,0,0,0,0
15,328,0,0,0,0,0,0,0
16,312,0,0,0,0,0,0,0
17,287,0,0,0,0,0,0,0
18,268,0,0,0,0,0,0,0
19,257,0,0,0,0,0,0,0
20,243,0,0,0,0,0,0,0
21,236,0,0,0,0,0,0,0
22,232,0,0,0,0,0,0,0
23,220,0,0,0,0,0,0,0
24,215,0,0,0,0,0,0,0
25,208,0,0,0,0,0,0,0
26,199,0,0,0,0,0,0,0
27,194,0,0,0,0,0,0,0
28,191,0,0,0,0,0,0,0
29,185,0,0,0,0,0,0,0
30,180,0,0,0,0,0,0,0
31,173,0,0,0,0,0,0,0
32,169,0,0,0,0,0,0,0
33,165,0,0,0,0,0,0,0
34,160,0,0,0,0,0,0,0
35,157,0,0,0,0,0,0,0
36,151,0,0,0,0,0,0,0
37,148,0,0,0,0,0,0,0
38,145,0,0,0,0,0,0,0
39,142,0,0,0,0,0,0,0
40,138,0,0,0,0,0,0,0
41,136,0,0,0,0,0,0,0
42,133,0,0,0,0,0,0,0
43,130,0,0,0,0,0,0,0
44,128,0,0,0,0,0,0,0
45,126,0,0,0,0,0,0,0
46,123,0,0,0,0,0,0,0
47,122,0,0,0,0,0,0,0
48,119,0,0,0,0,0,0,0
49,118,0,0,0,0,0,0,0
50,116,0,0,0,0,0,0,0
51,116,0,0,0,0,0,0,0
52,112,0,0,0,0,0,0,0
53,111,0,0,0,0,0,0,0
54,110,0,0,0,0,0,0,0
55,109,0,0,0,0,0,0,0
56,107,0,0,0,0,0,0,0
57,107,0,0,0,0,0,0,0
58,107,0,0,0,0,0,0,0
59,105,0,0,0,0,0,0,0
60,106,0,0,0,0,0,0,0
61,104,0,0,0,0,0,0,0
62,103,0,0,0,0,0,0,0
63,103,0,0,0,0,0,0,0
64,101,0,0,0,0,0,0,0
65,101,0,0,0,0,0,0,0
66,101,0,0,0,0,0,0,0
67,101,0,0,0,0,0,0,0
68,101,0,0,0,0,0,0,0
69,106,0,0,0,0,0,0,0
70,99,0,0,0,0,0,0,0
71,98,0,0,0,0,0,0,0
72,98,0,0,0,0,0,0,0
73,96,0,0,0,0,0,0,0
74,96,0,0,0,0,0,0,0
75,95,0,0,0,0,0,0,0
76,95,0,0,0,0,0,0,0
77,93,0,0,0,0,0,0,0
78,95,0,0,0,0,0,0,0
79,95,0,0,0,0,0,0,0
80,98,0,0,0,0,0,0,0
81,87,0,0,0,0,0,0,0
82,94,0,0,0,0,0,0,0
83,94,0,0,0,0,0,0,0
84,92,0,0,0,0,0,0,0
85,94,0,0,0,0,0,0,0
86,93,0,0,0,0,0,0,0
87,93,0,0,0,0,0,0,0
88,93,0,0,0,0,0,0,0
89,84,0,0,0,0,0,0,0
90,91,0,0,0,0,0,0,0
91,92,0,0,0,0,0,0,0
92,91,0,0,0,0,0,0,0
93,103,0,0,0,0,0,0,0
94,90,0,0,0,0,0,0,0
95,93,0,0,0,0,0,0,0
96,89,0,0,0,0,0,0,0
97,91,0,0,0,0,0,0,0
98,96,0,0,0,0,0,0,0
99,88,0,0,0,0,0,0,0
100,87,0,0,0,0,0,0,0
101,73,0,0,0,0,0,0,0
102,87,0,0,0,0,0,0,0
103,88,0,0,0,0,0,0,0
104,88,0,0,0,0,0,0,0
105,88,0,0,0,0,0,0,0
106,89,0,0,0,0,0,0,0
107,89,0,0,0,0,0,0,0
108,91,0,0,0,0,0,0,0
109,88,0,0,0,0,0,0,0
110,90,0,0,0,0,0,0,0
111,89,0,0,0,0,0,0,0
112,88,0,0,0,0,0,0,0
113,91,0,0,0,0,0,0,0
114,90,0,0,0,0,0,0,0
115,89,0,0,0,0,0,0,0
116,89,0,0,0,0,0,0,0
117,89,0,0,0,0,0,0,0
118,88,0,0,0,0,0,0,0
119,88,0,0,0,0,0,0,0
120,88,0,0,0,0,0,0,0
121,90,0,0,0,0,0,0,0
122,90,0,0,0,0,0,0,0
123,91,0,0,0,0,0,0,0
124,95,0,0,0,0,0,0,0
125,103,0,0,0,0,0,0,0
126,100,0,0,0,0,0,0,0
127,96,0,0,0,0,0,0,0
128,94,0,0,0,0,0,0,0
129,95,0,0,0,0,0,0,0
130,97,0,0,0,0,0,0,0
131,108,0,0,0,0,0,0,0
132,103,0,0,0,0,0,0,0
133,103,0,0,0,0,0,0,0
134,103,0,0,0,0,0,0,0
135,104,0,0,0,0,0,0,0
136,102,0,0,0,0,0,0,0
137,99,0,0,0,0,0,0,0
138,102,0,0,0,0,0,0,0
139,103,0,0,0,0,0,0,0
140,127,0,0,0,0,0,0,0
141,106,0,0,0,0,0,0,0
142,100,0,0,0,0,0,0,0
143,99,0,0,0,0,0,0,0
144,92,0,0,0,0,0,0,0
145,93,0,0,0,0,0,0,0
146,97,0,0,0,0,0,0,0
147,100,0,0,0,0,0,0,0
148,106,0,0,0,0,0,0,0
149,107,0,0,0,0,0,0,0
150,122,0,0,0,0,0,0,0
151,113,0,0,0,0,0,0,0
152,114,0,0,0,0,0,0,0
153,117,0,0,0,0,0,0,0
154,112,0,0,0,0,0,0,0
155,135,0,0,0,0,0,0,0
156,123,0,0,0,0,0,0,0
157,113,0,0,0,0,0,0,0
158,125,0,0,0,0,0,0,0
159,128,0,0,0,0,0,0,0
160,131,0,0,0,0,0,0,0
161,138,0,0,0,0,0,0,0
162,141,0,0,0,0,0,0,0
163,151,0,0,0,0,0,0,0
164,148,0,0,0,0,0,0,0
165,151,0,0,0,0,0,0,0
166,159,0,0,0,0,0,0,0
167,168,0,0,0,0,0,0,0
168,183,0,0,0,0,0,0,0
169,179,0,0,0,0,0,0,0
170,184,0,0,0,0,0,0,0
171,188,0,0,0,0,0,0,0
172,199,0,0,0,0,0,0,0
173,212,0,0,0,0,0,0,0
174,214,0,0,0,0,0,0,0
175,221,0,0,0,0,0,0,0
176,247,0,0,0,0,0,0,0
177,253,0,0,0,0,0,0,0
178,275,0,0,0,0,0,0,0
179,252,0,0,0,0,0,0,0
180,296,0,0,0,0,0,0,0
179,303,0,0,0,0,0,0,0
178,290,0,0,0,0,0,0,0
177,324,0,0,0,0,0,0,0
176,310,0,0,0,0,0,0,0
175,310,0,0,0,0,0,0,0
174,302,0,0,0,0,0,0,0
173,282,0,0,0,0,0,0,0
172,265,0,0,0,0,0,0,0
171,252,0,0,0,0,0,0,0
170,238,0,0,0,0,0,0,0
169,228,0,0,0,0,0,0,0
168,224,0,0,0,0,0,0,0
167,231,0,0,0,0,0,0,0
166,214,0,0,0,0,0,0,0
165,222,0,0,0,0,0,0,0
164,198,0,0,0,0,0,0,0
163,192,0,0,0,0,0,0,0
162,178,0,0,0,0,0,0,0
161,184,0,0,0,0,0,0,0
160,183,0,0,0,0,0,0,0
159,160,0,0,0,0,0,0,0
158,163,0,0,0,0,0,0,0
157,149,0,0,0,0,0,0,0
156,141,0,0,0,0,0,0,0
155,151,0,0,0,0,0,0,0
154,133,0,0,0,0,0,0,0
153,131,0,0,0,0,0,0,0
152,128,0,0,0,0,0,0,0
151,123,0,0,0,0,0,0,0
150,123,0,0,0,0,0,0,0
149,120,0,0,0,0,0,0,0
148,120,0,0,0,0,0,0,0
147,120,0,0,0,0,0,0,0
146,115,0,0,0,0,0,0,0
145,113,0,0,0,0,0,0,0
144,111,0,0,0,0,0,0,0
143,107,0,0,0,0,0,0,0
142,104,0,0,0,0,0,0,0
141,99,0,0,0,0,0,0,0
140,103,0,0,0,0,0,0,0
139,98,0,0,0,0,0,0,0
138,93,0,0,0,0,0,0,0
137,110,0,0,0,0,0,0,0
136,97,0,0,0,0,0,0,0
135,99,0,0,0,0,0,0,0
134,102,0,0,0,0,0,0,0
133,103,0,0,0,0,0,0,0
132,102,0,0,0,0,0,0,0
131,107,0,0,0,0,0,0,0
130,101,0,0,0,0,0,0,0
129,101,0,0,0,0,0,0,0
128,100,0,0,0,0,0,0,0
127,100,0,0,0,0,0,0,0
126,110,0,0,0,0,0,0,0
125,97,0,0,0,0,0,0,0
124,103,0,0,0,0,0,0,0
123,95,0,0,0,0,0,0,0
122,94,0,0,0,0,0,0,0
121,103,0,0,0,0,0,0,0
120,95,0,0,0,0,0,0,0
119,100,0,0,0,0,0,0,0
118,94,0,0,0,0,0,0,0
117,90,0,0,0,0,0,0,0
116,92,0,0,0,0,0,0,0
115,89,0,0,0,0,0,0,0
114,89,0,0,0,0,0,0,0
113,90,0,0,0,0,0,0,0
112,89,0,0,0,0,0,0,0
111,89,0,0,0,0,0,0,0
110,90,0,0,0,0,0,0,0
109,89,0,0,0,0,0,0,0
108,90,0,0,0,0,0,0,0
107,91,0,0,0,0,0,0,0
106,89,0,0,0,0,0,0,0
105,94,0,0,0,0,0,0,0
104,89,0,0,0,0,0,0,0
103,89,0,0,0,0,0,0,0
102,91,0,0,0,0,0,0,0
101,89,0,0,0,0,0,0,0
100,88,0,0,0,0,0,0,0
99,88,0,0,0,0,0,0,0
98,88,0,0,0,0,0,0,0
97,88,0,0,0,0,0,0,0
96,90,0,0,0,0,0,0,0
95,87,0,0,0,0,0,0,0
94,85,0,0,0,0,0,0,0
93,87,0,0,0,0,0,0,0
92,87,0,0,0,0,0,0,0
91,97,0,0,0,0,0,0,0
90,89,0,0,0,0,0,0,0
89,89,0,0,0,0,0,0,0
88,87,0,0,0,0,0,0,0
87,90,0,0,0,0,0,0,0
86,95,0,0,0,0,0,0,0
85,91,0,0,0,0,0,0,0
84,93,0,0,0,0,0,0,0
83,92,0,0,0,0,0,0,0
82,95,0,0,0,0,0,0,0
81,93,0,0,0,0,0,0,0
80,94,0,0,0,0,0,0,0
79,93,0,0,0,0,0,0,0
78,95,0,0,0,0,0,0,0
77,93,0,0,0,0,0,0,0
76,93,0,0,0,0,0,0,0
75,96,0,0,0,0,0,0,0
74,94,0,0,0,0,0,0,0
73,94,0,0,0,0,0,0,0
72,93,0,0,0,0,0,0,0
71,95,0,0,0,0,0,0,0
70,95,0,0,0,0,0,0,0
69,96,0,0,0,0,0,0,0
68,96,0,0,0,0,0,0,0
67,98,0,0,0,0,0,0,0
66,101,0,0,0,0,0,0,0
65,97,0,0,0,0,0,0,0
64,100,0,0,0,0,0,0,0
63,100,0,0,0,0,0,0,0
62,100,0,0,0,0,0,0,0
61,101,0,0,0,0,0,0,0
60,102,0,0,0,0,0,0,0
59,99,0,0,0,0,0,0,0
58,101,0,0,0,0,0,0,0
57,103,0,0,0,0,0,0,0
56,102,0,0,0,0,0,0,0
55,104,0,0,0,0,0,0,0
54,107,0,0,0,0,0,0,0
53,104,0,0,0,0,0,0,0
52,107,0,0,0,0,0,0,0
51,104,0,0,0,0,0,0,0
50,109,0,0,0,0,0,0,0
49,109,0,0,0,0,0,0,0
48,110,0,0,0,0,0,0,0
47,111,0,0,0,0,0,0,0
46,112,0,0,0,0,0,0,0
45,113,0,0,0,0,0,0,0
44,115,0,0,0,0,0,0,0
43,117,0,0,0,0,0,0,0
42,118,0,0,0,0,0,0,0
41,121,0,0,0,0,0,0,0
40,124,0,0,0,0,0,0,0
39,126,0,0,0,0,0,0,0
38,128,0,0,0,0,0,0,0
37,129,0,0,0,0,0,0,0
36,130,0,0,0,0,0,0,0
35,134,0,0,0,0,0,0,0
34,138,0,0,0,0,0,0,0
33,140,0,0,0,0,0,0,0
32,145,0,0,0,0,0,0,0
31,148,0,0,0,0,0,0,0
30,151,0,0,0,0,0,0,0
29,155,0,0,0,0,0,0,0
28,160,0,0,0,0,0,0,0
27,162,0,0,0,0,0,0,0
26,168,0,0,0,0,0,0,0
25,174,0,0,0,0,0,0,0
24,176,0,0,0,0,0,0,0
23,182,0,0,0,0,0,0,0
22,186,0,0,0,0,0,0,0
21,190,0,0,0,0,0,0,0
20,197,0,0,0,0,0,0,0
19,203,0,0,0,0,0,0,0
18,208,0,0,0,0,0,0,0
17,218,0,0,0,0,0,0,0
16,224,0,0,0,0,0,0,0
15,230,0,0,0,0,0,0,0
14,236,0,0,0,0,0,0,0
13,248,0,0,0,0,0,0,0
12,258,0,0,0,0,0,0,0
11,281,0,0,0,0,0,0,0
10,294,0,0,0,0,0,0,0
9,308,0,0,0,0,0,0,0
8,332,0,0,0,0,0,0,0
7,350,0,0,0,0,0,0,0
6,372,0,0,0,0,0,0,0
5,391,0,0,0,0,0,0,0
4,415,0,0,0,0,0,0,0
3,456,0,0,0,0,0,0,0
2,492,0,0,0,0,0,0,0
1,535,0,0,0,0,0,0,0
0,583,0,0,0,0,0,0,0
1,640,0,0,0,0,0,0,0
2,719,0,0,0,0,0,0,0
3,766,0,0,0,0,0,0,0
4,786,0,0,0,0,0,0,0
5,782,0,0,0,0,0,0,0
6,728,0,0,0,0,0,0,0
7,664,0,0,0,0,0,0,0
8,587,0,0,0,0,0,0,0
9,532,0,0,0,0,0,0,0
10,469,0,0,0,0,0,0,0
11,433,0,0,0,0,0,0,0
12,404,0,0,0,0,0,0,0
13,373,0,0,0,0,0,0,0
14,347,0,0,0,0,0,0,0
15,330,0,0,0,0,0,0,0
16,307,0,0,0,0,0,0,0
17,285,0,0,0,0,0,0,0
18,275,0,0,0,0,0,0,0
19,256,0,0,0,0,0,0,0
20,244,0,0,0,0,0,0,0
21,237,0,0,0,0,0,0,0
22,228,0,0,0,0,0,0,0
23,221,0,0,0,0,0,0,0
24,215,0,0,0,0,0,0,0
25,205,0,0,0,0,0,0,0
26,199,0,0,0,0,0,0,0
27,196,0,0,0,0,0,0,0
28,191,0,0,0,0,0,0,0
29,185,0,0,0,0,0,0,0
30,179,0,0,0,0,0,0,0
31,173,0,0,0,0,0,0,0
32,171,0,0,0,0,0,0,0
33,167,0,0,0,0,0,0,0
34,161,0,0,0,0,0,0,0
35,157,0,0,0,0,0,0,0
36,153,0,0,0,0,0,0,0
37,147,0,0,0,0,0,0,0
38,145,0,0,0,0,0,0,0
39,142,0,0,0,0,0,0,0
40,139,0,0,0,0,0,0,0
41,135,0,0,0,0,0,0,0
42,134,0,0,0,0,0,0,0
43,131,0,0,0,0,0,0,0
44,128,0,0,0,0,0,0,0
45,123,0,0,0,0,0,0,0
46,123,0,0,0,0,0,0,0
47,122,0,0,0,0,0,0,0
48,118,0,0,0,0,0,0,0
49,117,0,0,0,0,0,0,0
50,115,0,0,0,0,0,0,0
51,116,0,0,0,0,0,0,0
52,112,0,0,0,0,0,0,0
53,111,0,0,0,0,0,0,0
54,111,0,0,0,0,0,0,0
55,109,0,0,0,0,0,0,0
56,108,0,0,0,0,0,0,0
57,108,0,0,0,0,0,0,0
58,107,0,0,0,0,0,0,0
59,105,0,0,0,0,0,0,0
60,103,0,0,0,0,0,0,0
61,104,0,0,0,0,0,0,0
62,103,0,0,0,0,0,0,0
63,99,0,0,0,0,0,0,0
64,101,0,0,0,0,0,0,0
65,101,0,0,0,0,0,0,0
66,101,0,0,0,0,0,0,0
67,99,0,0,0,0,0,0,0
68,110,0,0,0,0,0,0,0
69,100,0,0,0,0,0,0,0
70,108,0,0,0,0,0,0,0
71,96,0,0,0,0,0,0,0
72,103,0,0,0,0,0,0,0
73,96,0,0,0,0,0,0,0
74,98,0,0,0,0,0,0,0
75,97,0,0,0,0,0,0,0
76,96,0,0,0,0,0,0,0
77,95,0,0,0,0,0,0,0
78,95,0,0,0,0,0,0,0
79,94,0,0,0,0,0,0,0
80,94,0,0,0,0,0,0,0
81,94,0,0,0,0,0,0,0
82,96,0,0,0,0,0,0,0
83,94,0,0,0,0,0,0,0
84,91,0,0,0,0,0,0,0
85,93,0,0,0,0,0,0,0
86,94,0,0,0,0,0,0,0
87,92,0,0,0,0,0,0,0
88,93,0,0,0,0,0,0,0
89,94,0,0,0,0,0,0,0
90,93,0,0,0,0,0,0,0
91,92,0,0,0,0,0,0,0
92,89,0,0,0,0,0,0,0
93,91,0,0,0,0,0,0,0
94,89,0,0,0,0,0,0,0
95,89,0,0,0,0,0,0,0
96,90,0,0,0,0,0,0,0
97,88,0,0,0,0,0,0,0
98,89,0,0,0,0,0,0,0
99,89,0,0,0,0,0,0,0
100,88,0,0,0,0,0,0,0
101,86,0,0,0,0,0,0,0
102,87,0,0,0,0,0,0,0
103,89,0,0,0,0,0,0,0
104,88,0,0,0,0,0,0,0
105,96,0,0,0,0,0,0,0
106,88,0,0,0,0,0,0,0
107,89,0,0,0,0,0,0,0
108,83,0,0,0,0,0,0,0
109,90,0,0,0,0,0,0,0
110,90,0,0,0,0,0,0,0
111,87,0,0,0,0,0,0,0
112,89,0,0,0,0,0,0,0
113,91,0,0,0,0,0,0,0
114,89,0,0,0,0,0,0,0
115,89,0,0,0,0,0,0,0
116,89,0,0,0,0,0,0,0
117,88,0,0,0,0,0,0,0
118,88,0,0,0,0,0,0,0
119,90,0,0,0,0,0,0,0
120,89,0,0,0,0,0,0,0
121,91,0,0,0,0,0,0,0
122,91,0,0,0,0,0,0,0
123,90,0,0,0,0,0,0,0
124,91,0,0,0,0,0,0,0
125,93,0,0,0,0,0,0,0
126,95,0,0,0,0,0,0,0
127,93,0,0,0,0,0,0,0
128,99,0,0,0,0,0,0,0
129,96,0,0,0,0,0,0,0
130,88,0,0,0,0,0,0,0
131,99,0,0,0,0,0,0,0
132,97,0,0,0,0,0,0,0
133,99,0,0,0,0,0,0,0
134,111,0,0,0,0,0,0,0
135,97,0,0,0,0,0,0,0
136,102,0,0,0,0,0,0,0
137,102,0,0,0,0,0,0,0
138,107,0,0,0,0,0,0,0
139,106,0,0,0,0,0,0,0
140,104,0,0,0,0,0,0,0
141,120,0,0,0,0,0,0,0
142,108,0,0,0,0,0,0,0
143,97,0,0,0,0,0,0,0
144,93,0,0,0,0,0,0,0
145,91,0,0,0,0,0,0,0
146,95,0,0,0,0,0,0,0
147,99,0,0,0,0,0,0,0
148,104,0,0,0,0,0,0,0
149,106,0,0,0,0,0,0,0
150,128,0,0,0,0,0,0,0
151,121,0,0,0,0,0,0,0
152,126,0,0,0,0,0,0,0
153,143,0,0,0,0,0,0,0
154,134,0,0,0,0,0,0,0
155,125,0,0,0,0,0,0,0
156,129,0,0,0,0,0,0,0
157,129,0,0,0,0,0,0,0
158,120,0,0,0,0,0,0,0
159,129,0,0,0,0,0,0,0
160,129,0,0,0,0,0,0,0
161,136,0,0,0,0,0,0,0
162,156,0,0,0,0,0,0,0
163,163,0,0,0,0,0,0,0
164,148,0,0,0,0,0,0,0
165,151,0,0,0,0,0,0,0
166,163,0,0,0,0,0,0,0
167,164,0,0,0,0,0,0,0
168,173,0,0,0,0,0,0,0
169,179,0,0,0,0,0,0,0
170,193,0,0,0,0,0,0,0
171,191,0,0,0,0,0,0,0
172,215,0,0,0,0,0,0,0
173,211,0,0,0,0,0,0,0
174,216,0,0,0,0,0,0,0
175,239,0,0,0,0,0,0,0
176,247,0,0,0,0,0,0,0
177,240,0,0,0,0,0,0,0
178,253,0,0,0,0,0,0,0
179,271,0,0,0,0,0,0,0
180,291,0,0,0,0,0,0,0
179,283,0,0,0,0,0,0,0
178,304,0,0,0,0,0,0,0
177,316,0,0,0,0,0,0,0
176,312,0,0,0,0,0,0,0
175,312,0,0,0,0,0,0,0
174,297,0,0,0,0,0,0,0
173,281,0,0,0,0,0,0,0
172,264,0,0,0,0,0,0,0
171,250,0,0,0,0,0,0,0
170,242,0,0,0,0,0,0,0
169,227,0,0,0,0,0,0,0
168,216,0,0,0,0,0,0,0
167,209,0,0,0,0,0,0,0
166,206,0,0,0,0,0,0,0
165,195,0,0,0,0,0,0,0
164,191,0,0,0,0,0,0,0
163,180,0,0,0,0,0,0,0
162,180,0,0,0,0,0,0,0
161,167,0,0,0,0,0,0,0
160,162,0,0,0,0,0,0,0
159,157,0,0,0,0,0,0,0
158,151,0,0,0,0,0,0,0
157,148,0,0,0,0,0,0,0
156,140,0,0,0,0,0,0,0
155,128,0,0,0,0,0,0,0
154,131,0,0,0,0,0,0,0
153,128,0,0,0,0,0,0,0
152,126,0,0,0,0,0,0,0
151,123,0,0,0,0,0,0,0
150,122,0,0,0,0,0,0,0
149,119,0,0,0,0,0,0,0
148,120,0,0,0,0,0,0,0
147,116,0,0,0,0,0,0,0
146,115,0,0,0,0,0,0,0
145,112,0,0,0,0,0,0,0
144,111,0,0,0,0,0,0,0
143,106,0,0,0,0,0,0,0
142,103,0,0,0,0,0,0,0
141,97,0,0,0,0,0,0,0
140,96,0,0,0,0,0,0,0
139,94,0,0,0,0,0,0,0
138,93,0,0,0,0,0,0,0
137,95,0,0,0,0,0,0,0
136,97,0,0,0,0,0,0,0
135,101,0,0,0,0,0,0,0
134,102,0,0,0,0,0,0,0
133,102,0,0,0,0,0,0,0
132,102,0,0,0,0,0,0,0
131,102,0,0,0,0,0,0,0
130,101,0,0,0,0,0,0,0
129,101,0,0,0,0,0,0,0
128,102,0,0,0,0,0,0,0
127,99,0,0,0,0,0,0,0
126,98,0,0,0,0,0,0,0
125,97,0,0,0,0,0,0,0
124,96,0,0,0,0,0,0,0
123,95,0,0,0,0,0,0,0
122,92,0,0,0,0,0,0,0
121,93,0,0,0,0,0,0,0
120,92,0,0,0,0,0,0,0
119,91,0,0,0,0,0,0,0
118,91,0,0,0,0,0,0,0
117,91,0,0,0,0,0,0,0
116,90,0,0,0,0,0,0,0
115,89,0,0,0,0,0,0,0
114,89,0,0,0,0,0,0,0
113,89,0,0,0,0,0,0,0
112,89,0,0,0,0,0,0,0
111,89,0,0,0,0,0,0,0
110,88,0,0,0,0,0,0,0
109,88,0,0,0,0,0,0,0
108,90,0,0,0,0,0,0,0
107,93,0,0,0,0,0,0,0
106,89,0,0,0,0,0,0,0
105,89,0,0,0,0,0,0,0
104,95,0,0,0,0,0,0,0
103,89,0,0,0,0,0,0,0
102,88,0,0,0,0,0,0,0
101,87,0,0,0,0,0,0,0
100,89,0,0,0,0,0,0,0
99,88,0,0,0,0,0,0,0
98,88,0,0,0,0,0,0,0
97,88,0,0,0,0,0,0,0
96,90,0,0,0,0,0,0,0
95,87,0,0,0,0,0,0,0
94,83,0,0,0,0,0,0,0
93,81,0,0,0,0,0,0,0
92,88,0,0,0,0,0,0,0
91,88,0,0,0,0,0,0,0
90,88,0,0,0,0,0,0,0
89,89,0,0,0,0,0,0,0
88,90,0,0,0,0,0,0,0
87,91,0,0,0,0,0,0,0
86,91,0,0,0,0,0,0,0
85,92,0,0,0,0,0,0,0
84,81,0,0,0,0,0,0,0
83,93,0,0,0,0,0,0,0
82,91,0,0,0,0,0,0,0
81,93,0,0,0,0,0,0,0
80,124,0,0,0,0,0,0,0
79,93,0,0,0,0,0,0,0
78,95,0,0,0,0,0,0,0
77,93,0,0,0,0,0,0,0
76,93,0,0,0,0,0,0,0
75,99,0,0,0,0,0,0,0
74,95,0,0,0,0,0,0,0
73,94,0,0,0,0,0,0,0
72,96,0,0,0,0,0,0,0
71,96,0,0,0,0,0,0,0
70,95,0,0,0,0,0,0,0
69,95,0,0,0,0,0,0,0
68,94,0,0,0,0,0,0,0
67,97,0,0,0,0,0,0,0
66,97,0,0,0,0,0,0,0
65,98,0,0,0,0,0,0,0
64,99,0,0,0,0,0,0,0
63,100,0,0,0,0,0,0,0
62,101,0,0,0,0,0,0,0
61,100,0,0,0,0,0,0,0
60,101,0,0,0,0,0,0,0
59,102,0,0,0,0,0,0,0
58,101,0,0,0,0,0,0,0
57,103,0,0,0,0,0,0,0
56,103,0,0,0,0,0,0,0
55,105,0,0,0,0,0,0,0
54,104,0,0,0,0,0,0,0
53,104,0,0,0,0,0,0,0
52,108,0,0,0,0,0,0,0
51,107,0,0,0,0,0,0,0
50,109,0,0,0,0,0,0,0
49,108,0,0,0,0,0,0,0
48,110,0,0,0,0,0,0,0
47,119,0,0,0,0,0,0,0
46,112,0,0,0,0,0,0,0
45,113,0,0,0,0,0,0,0
44,116,0,0,0,0,0,0,0
43,117,0,0,0,0,0,0,0
42,118,0,0,0,0,0,0,0
41,121,0,0,0,0,0,0,0
40,122,0,0,0,0,0,0,0
39,125,0,0,0,0,0,0,0
38,127,0,0,0,0,0,0,0
37,128,0,0,0,0,0,0,0
36,131,0,0,0,0,0,0,0
35,132,0,0,0,0,0,0,0
34,137,0,0,0,0,0,0,0
33,143,0,0,0,0,0,0,0
32,145,0,0,0,0,0,0,0
31,147,0,0,0,0,0,0,0
30,150,0,0,0,0,0,0,0
29,153,0,0,0,0,0,0,0
28,157,0,0,0,0,0,0,0
27,161,0,0,0,0,0,0,0
26,164,0,0,0,0,0,0,0
25,170,0,0,0,0,0,0,0
24,175,0,0,0,0,0,0,0
23,176,0,0,0,0,0,0,0
22,184,0,0,0,0,0,0,0
21,190,0,0,0,0,0,0,0
20,198,0,0,0,0,0,0,0
19,202,0,0,0,0,0,0,0
18,207,0,0,0,0,0,0,0
17,216,0,0,0,0,0,0,0
16,224,0,0,0,0,0,0,0
15,229,0,0,0,0,0,0,0
14,236,0,0,0,0,0,0,0
13,247,0,0,0,0,0,0,0
12,257,0,0,0,0,0,0,0
11,278,0,0,0,0,0,0,0
10,292,0,0,0,0,0,0,0
9,308,0,0,0,0,0,0,0
8,330,0,0,0,0,0,0,0
7,348,0,0,0,0,0,0,0
6,365,0,0,0,0,0,0,0
5,389,0,0,0,0,0,0,0
4,414,0,0,0,0,0,0,0
3,444,0,0,0,0,0,0,0
2,486,0,0,0,0,0,0,0
1,531,0,0,0,0,0,0,0
0,591,0,0,0,0,0,0,0
1,651,0,0,0,0,0,0,0
2,715,0,0,0,0,0,0,0
3,758,0,0,0,0,0,0,0
4,775,0,0,0,0,0,0,0
5,773,0,0,0,0,0,0,0
6,722,0,0,0,0,0,0,0
7,657,0,0,0,0,0,0,0
8,576,0,0,0,0,0,0,0
9,525,0,0,0,0,0,0,0
10,464,0,0,0,0,0,0,0
11,427,0,0,0,0,0,0,0
12,397,0,0,0,0,0,0,0
13,367,0,0,0,0,0,0,0
14,344,0,0,0,0,0,0,0
15,328,0,0,0,0,0,0,0
16,304,0,0,0,0,0,0,0
17,283,0,0,0,0,0,0,0
18,269,0,0,0,0,0,0,0
19,253,0,0,0,0,0,0,0
20,241,0,0,0,0,0,0,0
21,234,0,0,0,0,0,0,0
22,227,0,0,0,0,0,0,0
23,219,0,0,0,0,0,0,0
24,214,0,0,0,0,0,0,0
25,203,0,0,0,0,0,0,0
26,198,0,0,0,0,0,0,0
27,195,0,0,0,0,0,0,0
28,189,0,0,0,0,0,0,0
29,183,0,0,0,0,0,0,0
30,180,0,0,0,0,0,0,0
31,172,0,0,0,0,0,0,0
