179,97,0,0,0,0,0,0,0
178,91,0,0,0,0,0,0,0
177,97,0,0,0,0,0,0,0
176,100,0,0,0,0,0,0,0
175,96,0,0,0,0,0,0,0
174,96,0,0,0,0,0,0,0
173,95,0,0,0,0,0,0,0
172,94,0,0,0,0,0,0,0
171,95,0,0,0,0,0,0,0
170,96,0,0,0,0,0,0,0
169,96,0,0,0,0,0,0,0
168,97,0,0,0,0,0,0,0
167,99,0,0,0,0,0,0,0
166,100,0,0,0,0,0,0,0
165,102,0,0,0,0,0,0,0
164,105,0,0,0,0,0,0,0
163,103,0,0,0,0,0,0,0
162,105,0,0,0,0,0,0,0
161,127,0,0,0,0,0,0,0
160,112,0,0,0,0,0,0,0
159,108,0,0,0,0,0,0,0
158,112,0,0,0,0,0,0,0
157,122,0,0,0,0,0,0,0
156,113,0,0,0,0,0,0,0
155,126,0,0,0,0,0,0,0
154,108,0,0,0,0,0,0,0
153,109,0,0,0,0,0,0,0
152,110,0,0,0,0,0,0,0
151,112,0,0,0,0,0,0,0
150,113,0,0,0,0,0,0,0
149,114,0,0,0,0,0,0,0
148,117,0,0,0,0,0,0,0
147,116,0,0,0,0,0,0,0
146,121,0,0,0,0,0,0,0
145,118,0,0,0,0,0,0,0
144,113,0,0,0,0,0,0,0
143,120,0,0,0,0,0,0,0
142,119,0,0,0,0,0,0,0
141,119,0,0,0,0,0,0,0
140,120,0,0,0,0,0,0,0
139,112,0,0,0,0,0,0,0
138,140,0,0,0,0,0,0,0
137,143,0,0,0,0,0,0,0
136,124,0,0,0,0,0,0,0
135,120,0,0,0,0,0,0,0
134,125,0,0,0,0,0,0,0
133,120,0,0,0,0,0,0,0
132,128,0,0,0,0,0,0,0
131,121,0,0,0,0,0,0,0
130,131,0,0,0,0,0,0,0
129,135,0,0,0,0,0,0,0
128,134,0,0,0,0,0,0,0
127,138,0,0,0,0,0,0,0
126,139,0,0,0,0,0,0,0
125,145,0,0,0,0,0,0,0
124,147,0,0,0,0,0,0,0
123,156,0,0,0,0,0,0,0
122,158,0,0,0,0,0,0,0
121,156,0,0,0,0,0,0,0
120,160,0,0,0,0,0,0,0
119,163,0,0,0,0,0,0,0
118,167,0,0,0,0,0,0,0
117,170,0,0,0,0,0,0,0
116,176,0,0,0,0,0,0,0
115,176,0,0,0,0,0,0,0
114,180,0,0,0,0,0,0,0
113,181,0,0,0,0,0,0,0
112,189,0,0,0,0,0,0,0
111,191,0,0,0,0,0,0,0
110,194,0,0,0,0,0,0,0
109,198,0,0,0,0,0,0,0
108,209,0,0,0,0,0,0,0
107,211,0,0,0,0,0,0,0
106,216,0,0,0,0,0,0,0
105,225,0,0,0,0,0,0,0
104,230,0,0,0,0,0,0,0
103,234,0,0,0,0,0,0,0
102,237,0,0,0,0,0,0,0
101,244,0,0,0,0,0,0,0
100,248,0,0,0,0,0,0,0
99,253,0,0,0,0,0,0,0
98,256,0,0,0,0,0,0,0
97,264,0,0,0,0,0,0,0
96,274,0,0,0,0,0,0,0
95,281,0,0,0,0,0,0,0
94,286,0,0,0,0,0,0,0
93,291,0,0,0,0,0,0,0
92,307,0,0,0,0,0,0,0
91,314,0,0,0,0,0,0,0
90,329,0,0,0,0,0,0,0
89,339,0,0,0,0,0,0,0
88,353,0,0,0,0,0,0,0
87,366,0,0,0,0,0,0,0
86,390,0,0,0,0,0,0,0
85,409,0,0,0,0,0,0,0
84,437,0,0,0,0,0,0,0
83,462,0,0,0,0,0,0,0
82,484,0,0,0,0,0,0,0
81,511,0,0,0,0,0,0,0
80,551,0,0,0,0,0,0,0
79,587,0,0,0,0,0,0,0
78,616,0,0,0,0,0,0,0
77,656,0,0,0,0,0,0,0
76,697,0,0,0,0,0,0,0
75,736,0,0,0,0,0,0,0
74,770,0,0,0,0,0,0,0
73,802,0,0,0,0,0,0,0
72,825,0,0,0,0,0,0,0
71,845,0,0,0,0,0,0,0
70,850,0,0,0,0,0,0,0
69,845,0,0,0,0,0,0,0
68,833,0,0,0,0,0,0,0
67,811,0,0,0,0,0,0,0
66,784,0,0,0,0,0,0,0
65,754,0,0,0,0,0,0,0
64,711,0,0,0,0,0,0,0
63,670,0,0,0,0,0,0,0
62,624,0,0,0,0,0,0,0
61,584,0,0,0,0,0,0,0
60,547,0,0,0,0,0,0,0
59,503,0,0,0,0,0,0,0
58,470,0,0,0,0,0,0,0
57,441,0,0,0,0,0,0,0
56,418,0,0,0,0,0,0,0
55,397,0,0,0,0,0,0,0
54,384,0,0,0,0,0,0,0
53,363,0,0,0,0,0,0,0
52,341,0,0,0,0,0,0,0
51,321,0,0,0,0,0,0,0
50,308,0,0,0,0,0,0,0
49,289,0,0,0,0,0,0,0
48,274,0,0,0,0,0,0,0
47,256,0,0,0,0,0,0,0
46,246,0,0,0,0,0,0,0
45,238,0,0,0,0,0,0,0
44,225,0,0,0,0,0,0,0
43,218,0,0,0,0,0,0,0
42,210,0,0,0,0,0,0,0
41,205,0,0,0,0,0,0,0
40,198,0,0,0,0,0,0,0
39,192,0,0,0,0,0,0,0
38,185,0,0,0,0,0,0,0
37,181,0,0,0,0,0,0,0
36,177,0,0,0,0,0,0,0
35,171,0,0,0,0,0,0,0
34,169,0,0,0,0,0,0,0
33,156,0,0,0,0,0,0,0
32,150,0,0,0,0,0,0,0
31,147,0,0,0,0,0,0,0
30,142,0,0,0,0,0,0,0
29,140,0,0,0,0,0,0,0
28,136,0,0,0,0,0,0,0
27,132,0,0,0,0,0,0,0
26,128,0,0,0,0,0,0,0
25,124,0,0,0,0,0,0,0
24,120,0,0,0,0,0,0,0
23,122,0,0,0,0,0,0,0
22,116,0,0,0,0,0,0,0
21,114,0,0,0,0,0,0,0
20,113,0,0,0,0,0,0,0
19,113,0,0,0,0,0,0,0
18,113,0,0,0,0,0,0,0
17,112,0,0,0,0,0,0,0
16,109,0,0,0,0,0,0,0
15,105,0,0,0,0,0,0,0
14,104,0,0,0,0,0,0,0
13,103,0,0,0,0,0,0,0
12,102,0,0,0,0,0,0,0
11,102,0,0,0,0,0,0,0
10,100,0,0,0,0,0,0,0
9,100,0,0,0,0,0,0,0
8,102,0,0,0,0,0,0,0
7,102,0,0,0,0,0,0,0
6,103,0,0,0,0,0,0,0
5,103,0,0,0,0,0,0,0
4,101,0,0,0,0,0,0,0
3,101,0,0,0,0,0,0,0
2,101,0,0,0,0,0,0,0
1,101,0,0,0,0,0,0,0
0,101,0,0,0,0,0,0,0
1,101,0,0,0,0,0,0,0
2,101,0,0,0,0,0,0,0
3,102,0,0,0,0,0,0,0
4,100,0,0,0,0,0,0,0
5,101,0,0,0,0,0,0,0
6,101,0,0,0,0,0,0,0
7,101,0,0,0,0,0,0,0
8,101,0,0,0,0,0,0,0
9,102,0,0,0,0,0,0,0
10,103,0,0,0,0,0,0,0
11,103,0,0,0,0,0,0,0
12,102,0,0,0,0,0,0,0
13,103,0,0,0,0,0,0,0
14,101,0,0,0,0,0,0,0
15,101,0,0,0,0,0,0,0
16,100,0,0,0,0,0,0,0
17,102,0,0,0,0,0,0,0
18,102,0,0,0,0,0,0,0
19,102,0,0,0,0,0,0,0
20,105,0,0,0,0,0,0,0
21,107,0,0,0,0,0,0,0
22,110,0,0,0,0,0,0,0
23,112,0,0,0,0,0,0,0
24,112,0,0,0,0,0,0,0
25,113,0,0,0,0,0,0,0
26,114,0,0,0,0,0,0,0
27,115,0,0,0,0,0,0,0
28,116,0,0,0,0,0,0,0
29,119,0,0,0,0,0,0,0
30,123,0,0,0,0,0,0,0
31,127,0,0,0,0,0,0,0
32,131,0,0,0,0,0,0,0
33,134,0,0,0,0,0,0,0
34,137,0,0,0,0,0,0,0
35,140,0,0,0,0,0,0,0
36,144,0,0,0,0,0,0,0
37,151,0,0,0,0,0,0,0
38,156,0,0,0,0,0,0,0
39,160,0,0,0,0,0,0,0
40,166,0,0,0,0,0,0,0
41,170,0,0,0,0,0,0,0
42,174,0,0,0,0,0,0,0
43,181,0,0,0,0,0,0,0
44,186,0,0,0,0,0,0,0
45,191,0,0,0,0,0,0,0
46,193,0,0,0,0,0,0,0
47,200,0,0,0,0,0,0,0
48,206,0,0,0,0,0,0,0
49,214,0,0,0,0,0,0,0
50,219,0,0,0,0,0,0,0
51,227,0,0,0,0,0,0,0
52,239,0,0,0,0,0,0,0
53,253,0,0,0,0,0,0,0
54,268,0,0,0,0,0,0,0
55,284,0,0,0,0,0,0,0
56,297,0,0,0,0,0,0,0
57,309,0,0,0,0,0,0,0
58,325,0,0,0,0,0,0,0
59,343,0,0,0,0,0,0,0
60,362,0,0,0,0,0,0,0
61,381,0,0,0,0,0,0,0
62,398,0,0,0,0,0,0,0
63,417,0,0,0,0,0,0,0
64,439,0,0,0,0,0,0,0
65,460,0,0,0,0,0,0,0
66,480,0,0,0,0,0,0,0
67,510,0,0,0,0,0,0,0
68,564,0,0,0,0,0,0,0
69,600,0,0,0,0,0,0,0
70,640,0,0,0,0,0,0,0
71,678,0,0,0,0,0,0,0
72,716,0,0,0,0,0,0,0
73,752,0,0,0,0,0,0,0
74,785,0,0,0,0,0,0,0
75,811,0,0,0,0,0,0,0
76,815,0,0,0,0,0,0,0
77,846,0,0,0,0,0,0,0
78,850,0,0,0,0,0,0,0
79,843,0,0,0,0,0,0,0
80,824,0,0,0,0,0,0,0
81,797,0,0,0,0,0,0,0
82,761,0,0,0,0,0,0,0
83,720,0,0,0,0,0,0,0
84,676,0,0,0,0,0,0,0
85,633,0,0,0,0,0,0,0
86,596,0,0,0,0,0,0,0
87,555,0,0,0,0,0,0,0
88,526,0,0,0,0,0,0,0
89,489,0,0,0,0,0,0,0
90,457,0,0,0,0,0,0,0
91,427,0,0,0,0,0,0,0
92,405,0,0,0,0,0,0,0
93,380,0,0,0,0,0,0,0
94,354,0,0,0,0,0,0,0
95,332,0,0,0,0,0,0,0
96,320,0,0,0,0,0,0,0
97,319,0,0,0,0,0,0,0
98,297,0,0,0,0,0,0,0
99,283,0,0,0,0,0,0,0
100,274,0,0,0,0,0,0,0
101,267,0,0,0,0,0,0,0
102,262,0,0,0,0,0,0,0
103,258,0,0,0,0,0,0,0
104,248,0,0,0,0,0,0,0
105,243,0,0,0,0,0,0,0
106,236,0,0,0,0,0,0,0
107,232,0,0,0,0,0,0,0
108,260,0,0,0,0,0,0,0
109,228,0,0,0,0,0,0,0
110,218,0,0,0,0,0,0,0
111,214,0,0,0,0,0,0,0
112,207,0,0,0,0,0,0,0
113,202,0,0,0,0,0,0,0
114,197,0,0,0,0,0,0,0
115,194,0,0,0,0,0,0,0
116,190,0,0,0,0,0,0,0
117,183,0,0,0,0,0,0,0
118,179,0,0,0,0,0,0,0
119,175,0,0,0,0,0,0,0
120,172,0,0,0,0,0,0,0
121,172,0,0,0,0,0,0,0
122,165,0,0,0,0,0,0,0
123,163,0,0,0,0,0,0,0
124,158,0,0,0,0,0,0,0
125,154,0,0,0,0,0,0,0
126,151,0,0,0,0,0,0,0
127,151,0,0,0,0,0,0,0
128,145,0,0,0,0,0,0,0
129,142,0,0,0,0,0,0,0
130,138,0,0,0,0,0,0,0
131,137,0,0,0,0,0,0,0
132,133,0,0,0,0,0,0,0
133,131,0,0,0,0,0,0,0
134,129,0,0,0,0,0,0,0
135,126,0,0,0,0,0,0,0
136,113,0,0,0,0,0,0,0
137,143,0,0,0,0,0,0,0
138,135,0,0,0,0,0,0,0
139,121,0,0,0,0,0,0,0
140,118,0,0,0,0,0,0,0
141,142,0,0,0,0,0,0,0
142,127,0,0,0,0,0,0,0
143,135,0,0,0,0,0,0,0
144,123,0,0,0,0,0,0,0
145,114,0,0,0,0,0,0,0
146,112,0,0,0,0,0,0,0
147,117,0,0,0,0,0,0,0
148,121,0,0,0,0,0,0,0
149,113,0,0,0,0,0,0,0
150,113,0,0,0,0,0,0,0
151,112,0,0,0,0,0,0,0
152,117,0,0,0,0,0,0,0
153,115,0,0,0,0,0,0,0
154,113,0,0,0,0,0,0,0
155,110,0,0,0,0,0,0,0
156,131,0,0,0,0,0,0,0
157,109,0,0,0,0,0,0,0
158,119,0,0,0,0,0,0,0
159,104,0,0,0,0,0,0,0
160,106,0,0,0,0,0,0,0
161,96,0,0,0,0,0,0,0
162,115,0,0,0,0,0,0,0
163,96,0,0,0,0,0,0,0
164,107,0,0,0,0,0,0,0
165,103,0,0,0,0,0,0,0
166,99,0,0,0,0,0,0,0
167,102,0,0,0,0,0,0,0
168,111,0,0,0,0,0,0,0
169,105,0,0,0,0,0,0,0
170,99,0,0,0,0,0,0,0
171,95,0,0,0,0,0,0,0
172,96,0,0,0,0,0,0,0
173,95,0,0,0,0,0,0,0
174,92,0,0,0,0,0,0,0
175,92,0,0,0,0,0,0,0
176,91,0,0,0,0,0,0,0
177,94,0,0,0,0,0,0,0
178,91,0,0,0,0,0,0,0
179,88,0,0,0,0,0,0,0
180,87,0,0,0,0,0,0,0
179,96,0,0,0,0,0,0,0
178,93,0,0,0,0,0,0,0
177,94,0,0,0,0,0,0,0
176,91,0,0,0,0,0,0,0
175,96,0,0,0,0,0,0,0
174,91,0,0,0,0,0,0,0
173,91,0,0,0,0,0,0,0
172,91,0,0,0,0,0,0,0
171,92,0,0,0,0,0,0,0
170,92,0,0,0,0,0,0,0
169,94,0,0,0,0,0,0,0
168,94,0,0,0,0,0,0,0
167,96,0,0,0,0,0,0,0
166,97,0,0,0,0,0,0,0
165,99,0,0,0,0,0,0,0
164,99,0,0,0,0,0,0,0
163,107,0,0,0,0,0,0,0
162,101,0,0,0,0,0,0,0
161,101,0,0,0,0,0,0,0
160,103,0,0,0,0,0,0,0
159,103,0,0,0,0,0,0,0
158,104,0,0,0,0,0,0,0
157,104,0,0,0,0,0,0,0
156,103,0,0,0,0,0,0,0
155,104,0,0,0,0,0,0,0
154,105,0,0,0,0,0,0,0
153,105,0,0,0,0,0,0,0
152,107,0,0,0,0,0,0,0
151,108,0,0,0,0,0,0,0
150,109,0,0,0,0,0,0,0
149,109,0,0,0,0,0,0,0
148,111,0,0,0,0,0,0,0
147,111,0,0,0,0,0,0,0
146,127,0,0,0,0,0,0,0
145,128,0,0,0,0,0,0,0
144,114,0,0,0,0,0,0,0
143,113,0,0,0,0,0,0,0
142,113,0,0,0,0,0,0,0
141,113,0,0,0,0,0,0,0
140,113,0,0,0,0,0,0,0
139,120,0,0,0,0,0,0,0
138,117,0,0,0,0,0,0,0
137,115,0,0,0,0,0,0,0
136,121,0,0,0,0,0,0,0
135,122,0,0,0,0,0,0,0
134,127,0,0,0,0,0,0,0
133,123,0,0,0,0,0,0,0
132,123,0,0,0,0,0,0,0
131,125,0,0,0,0,0,0,0
130,126,0,0,0,0,0,0,0
129,128,0,0,0,0,0,0,0
128,131,0,0,0,0,0,0,0
127,133,0,0,0,0,0,0,0
126,137,0,0,0,0,0,0,0
125,139,0,0,0,0,0,0,0
124,146,0,0,0,0,0,0,0
123,144,0,0,0,0,0,0,0
122,147,0,0,0,0,0,0,0
121,152,0,0,0,0,0,0,0
120,154,0,0,0,0,0,0,0
119,158,0,0,0,0,0,0,0
118,163,0,0,0,0,0,0,0
117,165,0,0,0,0,0,0,0
116,167,0,0,0,0,0,0,0
115,170,0,0,0,0,0,0,0
114,174,0,0,0,0,0,0,0
113,177,0,0,0,0,0,0,0
112,181,0,0,0,0,0,0,0
111,185,0,0,0,0,0,0,0
110,189,0,0,0,0,0,0,0
109,194,0,0,0,0,0,0,0
108,198,0,0,0,0,0,0,0
107,204,0,0,0,0,0,0,0
106,214,0,0,0,0,0,0,0
105,215,0,0,0,0,0,0,0
104,221,0,0,0,0,0,0,0
103,226,0,0,0,0,0,0,0
102,231,0,0,0,0,0,0,0
101,236,0,0,0,0,0,0,0
100,239,0,0,0,0,0,0,0
99,245,0,0,0,0,0,0,0
98,251,0,0,0,0,0,0,0
97,265,0,0,0,0,0,0,0
96,267,0,0,0,0,0,0,0
95,275,0,0,0,0,0,0,0
94,278,0,0,0,0,0,0,0
93,290,0,0,0,0,0,0,0
92,305,0,0,0,0,0,0,0
91,320,0,0,0,0,0,0,0
90,330,0,0,0,0,0,0,0
89,338,0,0,0,0,0,0,0
88,357,0,0,0,0,0,0,0
87,395,0,0,0,0,0,0,0
86,412,0,0,0,0,0,0,0
85,446,0,0,0,0,0,0,0
84,487,0,0,0,0,0,0,0
83,487,0,0,0,0,0,0,0
82,509,0,0,0,0,0,0,0
81,548,0,0,0,0,0,0,0
80,580,0,0,0,0,0,0,0
79,615,0,0,0,0,0,0,0
78,651,0,0,0,0,0,0,0
77,691,0,0,0,0,0,0,0
76,726,0,0,0,0,0,0,0
75,763,0,0,0,0,0,0,0
74,794,0,0,0,0,0,0,0
73,820,0,0,0,0,0,0,0
72,838,0,0,0,0,0,0,0
71,847,0,0,0,0,0,0,0
70,846,0,0,0,0,0,0,0
69,837,0,0,0,0,0,0,0
68,819,0,0,0,0,0,0,0
67,792,0,0,0,0,0,0,0
66,757,0,0,0,0,0,0,0
65,717,0,0,0,0,0,0,0
64,671,0,0,0,0,0,0,0
63,628,0,0,0,0,0,0,0
62,594,0,0,0,0,0,0,0
61,560,0,0,0,0,0,0,0
60,519,0,0,0,0,0,0,0
59,479,0,0,0,0,0,0,0
58,448,0,0,0,0,0,0,0
57,423,0,0,0,0,0,0,0
56,402,0,0,0,0,0,0,0
55,382,0,0,0,0,0,0,0
54,363,0,0,0,0,0,0,0
53,341,0,0,0,0,0,0,0
52,319,0,0,0,0,0,0,0
51,304,0,0,0,0,0,0,0
50,294,0,0,0,0,0,0,0
49,283,0,0,0,0,0,0,0
48,272,0,0,0,0,0,0,0
47,254,0,0,0,0,0,0,0
46,240,0,0,0,0,0,0,0
45,228,0,0,0,0,0,0,0
44,219,0,0,0,0,0,0,0
43,210,0,0,0,0,0,0,0
42,205,0,0,0,0,0,0,0
41,198,0,0,0,0,0,0,0
40,189,0,0,0,0,0,0,0
39,185,0,0,0,0,0,0,0
38,181,0,0,0,0,0,0,0
37,177,0,0,0,0,0,0,0
36,171,0,0,0,0,0,0,0
35,166,0,0,0,0,0,0,0
34,162,0,0,0,0,0,0,0
33,156,0,0,0,0,0,0,0
32,151,0,0,0,0,0,0,0
31,147,0,0,0,0,0,0,0
30,142,0,0,0,0,0,0,0
29,139,0,0,0,0,0,0,0
28,135,0,0,0,0,0,0,0
27,131,0,0,0,0,0,0,0
26,126,0,0,0,0,0,0,0
25,122,0,0,0,0,0,0,0
24,119,0,0,0,0,0,0,0
23,117,0,0,0,0,0,0,0
22,115,0,0,0,0,0,0,0
21,114,0,0,0,0,0,0,0
20,115,0,0,0,0,0,0,0
19,114,0,0,0,0,0,0,0
18,114,0,0,0,0,0,0,0
17,113,0,0,0,0,0,0,0
16,111,0,0,0,0,0,0,0
15,107,0,0,0,0,0,0,0
14,105,0,0,0,0,0,0,0
13,103,0,0,0,0,0,0,0
12,102,0,0,0,0,0,0,0
11,101,0,0,0,0,0,0,0
10,102,0,0,0,0,0,0,0
9,103,0,0,0,0,0,0,0
8,105,0,0,0,0,0,0,0
7,103,0,0,0,0,0,0,0
6,104,0,0,0,0,0,0,0
5,103,0,0,0,0,0,0,0
4,102,0,0,0,0,0,0,0
3,102,0,0,0,0,0,0,0
2,102,0,0,0,0,0,0,0
1,102,0,0,0,0,0,0,0
0,101,0,0,0,0,0,0,0
1,102,0,0,0,0,0,0,0
2,101,0,0,0,0,0,0,0
3,101,0,0,0,0,0,0,0
4,103,0,0,0,0,0,0,0
5,102,0,0,0,0,0,0,0
6,102,0,0,0,0,0,0,0
7,102,0,0,0,0,0,0,0
8,102,0,0,0,0,0,0,0
9,104,0,0,0,0,0,0,0
10,103,0,0,0,0,0,0,0
11,104,0,0,0,0,0,0,0
12,103,0,0,0,0,0,0,0
13,103,0,0,0,0,0,0,0
14,102,0,0,0,0,0,0,0
15,101,0,0,0,0,0,0,0
16,102,0,0,0,0,0,0,0
17,102,0,0,0,0,0,0,0
18,102,0,0,0,0,0,0,0
19,105,0,0,0,0,0,0,0
20,107,0,0,0,0,0,0,0
21,110,0,0,0,0,0,0,0
22,113,0,0,0,0,0,0,0
23,114,0,0,0,0,0,0,0
24,113,0,0,0,0,0,0,0
25,114,0,0,0,0,0,0,0
26,116,0,0,0,0,0,0,0
27,115,0,0,0,0,0,0,0
28,118,0,0,0,0,0,0,0
29,120,0,0,0,0,0,0,0
30,125,0,0,0,0,0,0,0
31,128,0,0,0,0,0,0,0
32,132,0,0,0,0,0,0,0
33,135,0,0,0,0,0,0,0
34,139,0,0,0,0,0,0,0
35,143,0,0,0,0,0,0,0
36,148,0,0,0,0,0,0,0
37,153,0,0,0,0,0,0,0
38,157,0,0,0,0,0,0,0
39,162,0,0,0,0,0,0,0
40,166,0,0,0,0,0,0,0
41,172,0,0,0,0,0,0,0
42,176,0,0,0,0,0,0,0
43,182,0,0,0,0,0,0,0
44,187,0,0,0,0,0,0,0
45,192,0,0,0,0,0,0,0
46,196,0,0,0,0,0,0,0
47,203,0,0,0,0,0,0,0
48,211,0,0,0,0,0,0,0
49,217,0,0,0,0,0,0,0
50,225,0,0,0,0,0,0,0
51,236,0,0,0,0,0,0,0
52,248,0,0,0,0,0,0,0
53,260,0,0,0,0,0,0,0
54,275,0,0,0,0,0,0,0
55,290,0,0,0,0,0,0,0
56,303,0,0,0,0,0,0,0
57,314,0,0,0,0,0,0,0
58,329,0,0,0,0,0,0,0
59,346,0,0,0,0,0,0,0
60,368,0,0,0,0,0,0,0
61,386,0,0,0,0,0,0,0
62,405,0,0,0,0,0,0,0
63,422,0,0,0,0,0,0,0
64,445,0,0,0,0,0,0,0
65,471,0,0,0,0,0,0,0
66,499,0,0,0,0,0,0,0
67,541,0,0,0,0,0,0,0
68,579,0,0,0,0,0,0,0
69,611,0,0,0,0,0,0,0
70,644,0,0,0,0,0,0,0
71,679,0,0,0,0,0,0,0
72,715,0,0,0,0,0,0,0
73,751,0,0,0,0,0,0,0
74,784,0,0,0,0,0,0,0
75,810,0,0,0,0,0,0,0
76,830,0,0,0,0,0,0,0
77,842,0,0,0,0,0,0,0
78,849,0,0,0,0,0,0,0
79,845,0,0,0,0,0,0,0
80,826,0,0,0,0,0,0,0
81,798,0,0,0,0,0,0,0
82,764,0,0,0,0,0,0,0
83,723,0,0,0,0,0,0,0
84,678,0,0,0,0,0,0,0
85,635,0,0,0,0,0,0,0
86,599,0,0,0,0,0,0,0
87,557,0,0,0,0,0,0,0
88,523,0,0,0,0,0,0,0
89,485,0,0,0,0,0,0,0
90,455,0,0,0,0,0,0,0
91,425,0,0,0,0,0,0,0
92,403,0,0,0,0,0,0,0
93,381,0,0,0,0,0,0,0
94,355,0,0,0,0,0,0,0
95,333,0,0,0,0,0,0,0
96,320,0,0,0,0,0,0,0
97,316,0,0,0,0,0,0,0
98,307,0,0,0,0,0,0,0
99,288,0,0,0,0,0,0,0
100,276,0,0,0,0,0,0,0
101,269,0,0,0,0,0,0,0
102,263,0,0,0,0,0,0,0
103,256,0,0,0,0,0,0,0
104,250,0,0,0,0,0,0,0
105,244,0,0,0,0,0,0,0
106,237,0,0,0,0,0,0,0
107,233,0,0,0,0,0,0,0
108,239,0,0,0,0,0,0,0
109,229,0,0,0,0,0,0,0
110,219,0,0,0,0,0,0,0
111,212,0,0,0,0,0,0,0
112,207,0,0,0,0,0,0,0
113,203,0,0,0,0,0,0,0
114,198,0,0,0,0,0,0,0
115,193,0,0,0,0,0,0,0
116,200,0,0,0,0,0,0,0
117,183,0,0,0,0,0,0,0
118,198,0,0,0,0,0,0,0
119,177,0,0,0,0,0,0,0
120,183,0,0,0,0,0,0,0
121,177,0,0,0,0,0,0,0
122,166,0,0,0,0,0,0,0
123,161,0,0,0,0,0,0,0
124,159,0,0,0,0,0,0,0
125,153,0,0,0,0,0,0,0
126,155,0,0,0,0,0,0,0
127,151,0,0,0,0,0,0,0
128,146,0,0,0,0,0,0,0
129,142,0,0,0,0,0,0,0
130,139,0,0,0,0,0,0,0
131,136,0,0,0,0,0,0,0
132,134,0,0,0,0,0,0,0
133,131,0,0,0,0,0,0,0
134,131,0,0,0,0,0,0,0
135,126,0,0,0,0,0,0,0
136,143,0,0,0,0,0,0,0
137,125,0,0,0,0,0,0,0
138,126,0,0,0,0,0,0,0
139,120,0,0,0,0,0,0,0
140,118,0,0,0,0,0,0,0
141,118,0,0,0,0,0,0,0
142,112,0,0,0,0,0,0,0
143,115,0,0,0,0,0,0,0
144,130,0,0,0,0,0,0,0
145,116,0,0,0,0,0,0,0
146,116,0,0,0,0,0,0,0
147,130,0,0,0,0,0,0,0
148,118,0,0,0,0,0,0,0
149,117,0,0,0,0,0,0,0
150,116,0,0,0,0,0,0,0
151,131,0,0,0,0,0,0,0
152,116,0,0,0,0,0,0,0
153,131,0,0,0,0,0,0,0
154,117,0,0,0,0,0,0,0
155,136,0,0,0,0,0,0,0
156,112,0,0,0,0,0,0,0
157,107,0,0,0,0,0,0,0
158,113,0,0,0,0,0,0,0
159,104,0,0,0,0,0,0,0
160,104,0,0,0,0,0,0,0
161,110,0,0,0,0,0,0,0
162,105,0,0,0,0,0,0,0
163,104,0,0,0,0,0,0,0
164,105,0,0,0,0,0,0,0
165,109,0,0,0,0,0,0,0
166,105,0,0,0,0,0,0,0
167,101,0,0,0,0,0,0,0
168,101,0,0,0,0,0,0,0
169,99,0,0,0,0,0,0,0
170,104,0,0,0,0,0,0,0
171,102,0,0,0,0,0,0,0
172,98,0,0,0,0,0,0,0
173,94,0,0,0,0,0,0,0
174,92,0,0,0,0,0,0,0
175,92,0,0,0,0,0,0,0
176,97,0,0,0,0,0,0,0
177,88,0,0,0,0,0,0,0
178,94,0,0,0,0,0,0,0
179,88,0,0,0,0,0,0,0
180,99,0,0,0,0,0,0,0
179,96,0,0,0,0,0,0,0
178,93,0,0,0,0,0,0,0
177,94,0,0,0,0,0,0,0
176,93,0,0,0,0,0,0,0
175,93,0,0,0,0,0,0,0
174,91,0,0,0,0,0,0,0
173,91,0,0,0,0,0,0,0
172,91,0,0,0,0,0,0,0
171,92,0,0,0,0,0,0,0
170,95,0,0,0,0,0,0,0
169,106,0,0,0,0,0,0,0
168,111,0,0,0,0,0,0,0
167,103,0,0,0,0,0,0,0
166,98,0,0,0,0,0,0,0
165,103,0,0,0,0,0,0,0
164,88,0,0,0,0,0,0,0
163,104,0,0,0,0,0,0,0
162,104,0,0,0,0,0,0,0
161,99,0,0,0,0,0,0,0
160,102,0,0,0,0,0,0,0
159,103,0,0,0,0,0,0,0
158,92,0,0,0,0,0,0,0
157,104,0,0,0,0,0,0,0
156,105,0,0,0,0,0,0,0
155,104,0,0,0,0,0,0,0
154,105,0,0,0,0,0,0,0
153,106,0,0,0,0,0,0,0
152,105,0,0,0,0,0,0,0
151,107,0,0,0,0,0,0,0
150,107,0,0,0,0,0,0,0
149,110,0,0,0,0,0,0,0
148,112,0,0,0,0,0,0,0
147,112,0,0,0,0,0,0,0
146,112,0,0,0,0,0,0,0
145,114,0,0,0,0,0,0,0
144,112,0,0,0,0,0,0,0
143,112,0,0,0,0,0,0,0
142,113,0,0,0,0,0,0,0
141,114,0,0,0,0,0,0,0
140,114,0,0,0,0,0,0,0
139,119,0,0,0,0,0,0,0
138,116,0,0,0,0,0,0,0
137,117,0,0,0,0,0,0,0
136,115,0,0,0,0,0,0,0
135,118,0,0,0,0,0,0,0
134,120,0,0,0,0,0,0,0
133,122,0,0,0,0,0,0,0
132,123,0,0,0,0,0,0,0
131,125,0,0,0,0,0,0,0
130,127,0,0,0,0,0,0,0
129,129,0,0,0,0,0,0,0
128,131,0,0,0,0,0,0,0
127,133,0,0,0,0,0,0,0
126,143,0,0,0,0,0,0,0
125,138,0,0,0,0,0,0,0
124,143,0,0,0,0,0,0,0
123,145,0,0,0,0,0,0,0
122,149,0,0,0,0,0,0,0
121,151,0,0,0,0,0,0,0
120,154,0,0,0,0,0,0,0
119,159,0,0,0,0,0,0,0
118,163,0,0,0,0,0,0,0
117,165,0,0,0,0,0,0,0
116,168,0,0,0,0,0,0,0
115,171,0,0,0,0,0,0,0
114,175,0,0,0,0,0,0,0
113,179,0,0,0,0,0,0,0
112,183,0,0,0,0,0,0,0
111,188,0,0,0,0,0,0,0
110,191,0,0,0,0,0,0,0
109,199,0,0,0,0,0,0,0
108,205,0,0,0,0,0,0,0
107,205,0,0,0,0,0,0,0
106,211,0,0,0,0,0,0,0
105,215,0,0,0,0,0,0,0
104,221,0,0,0,0,0,0,0
103,227,0,0,0,0,0,0,0
102,231,0,0,0,0,0,0,0
101,236,0,0,0,0,0,0,0
100,270,0,0,0,0,0,0,0
99,255,0,0,0,0,0,0,0
98,260,0,0,0,0,0,0,0
97,263,0,0,0,0,0,0,0
96,267,0,0,0,0,0,0,0
95,272,0,0,0,0,0,0,0
94,278,0,0,0,0,0,0,0
93,295,0,0,0,0,0,0,0
92,305,0,0,0,0,0,0,0
91,318,0,0,0,0,0,0,0
90,329,0,0,0,0,0,0,0
89,342,0,0,0,0,0,0,0
88,359,0,0,0,0,0,0,0
87,390,0,0,0,0,0,0,0
86,409,0,0,0,0,0,0,0
85,432,0,0,0,0,0,0,0
84,459,0,0,0,0,0,0,0
83,483,0,0,0,0,0,0,0
82,513,0,0,0,0,0,0,0
81,548,0,0,0,0,0,0,0
80,579,0,0,0,0,0,0,0
79,611,0,0,0,0,0,0,0
78,647,0,0,0,0,0,0,0
77,683,0,0,0,0,0,0,0
76,720,0,0,0,0,0,0,0
75,757,0,0,0,0,0,0,0
74,792,0,0,0,0,0,0,0
73,818,0,0,0,0,0,0,0
72,835,0,0,0,0,0,0,0
71,847,0,0,0,0,0,0,0
70,847,0,0,0,0,0,0,0
69,837,0,0,0,0,0,0,0
68,821,0,0,0,0,0,0,0
67,795,0,0,0,0,0,0,0
66,760,0,0,0,0,0,0,0
65,721,0,0,0,0,0,0,0
64,675,0,0,0,0,0,0,0
63,628,0,0,0,0,0,0,0
62,594,0,0,0,0,0,0,0
61,558,0,0,0,0,0,0,0
60,522,0,0,0,0,0,0,0
59,478,0,0,0,0,0,0,0
58,450,0,0,0,0,0,0,0
57,424,0,0,0,0,0,0,0
56,403,0,0,0,0,0,0,0
55,383,0,0,0,0,0,0,0
54,364,0,0,0,0,0,0,0
53,345,0,0,0,0,0,0,0
52,321,0,0,0,0,0,0,0
51,304,0,0,0,0,0,0,0
50,293,0,0,0,0,0,0,0
49,281,0,0,0,0,0,0,0
48,279,0,0,0,0,0,0,0
47,254,0,0,0,0,0,0,0
46,240,0,0,0,0,0,0,0
45,228,0,0,0,0,0,0,0
44,219,0,0,0,0,0,0,0
43,211,0,0,0,0,0,0,0
42,205,0,0,0,0,0,0,0
41,198,0,0,0,0,0,0,0
40,189,0,0,0,0,0,0,0
39,186,0,0,0,0,0,0,0
38,181,0,0,0,0,0,0,0
37,177,0,0,0,0,0,0,0
36,171,0,0,0,0,0,0,0
35,165,0,0,0,0,0,0,0
34,160,0,0,0,0,0,0,0
33,157,0,0,0,0,0,0,0
32,150,0,0,0,0,0,0,0
31,147,0,0,0,0,0,0,0
30,142,0,0,0,0,0,0,0
29,139,0,0,0,0,0,0,0
28,135,0,0,0,0,0,0,0
27,131,0,0,0,0,0,0,0
26,126,0,0,0,0,0,0,0
25,123,0,0,0,0,0,0,0
24,119,0,0,0,0,0,0,0
23,117,0,0,0,0,0,0,0
22,116,0,0,0,0,0,0,0
21,114,0,0,0,0,0,0,0
20,114,0,0,0,0,0,0,0
19,114,0,0,0,0,0,0,0
18,114,0,0,0,0,0,0,0
17,113,0,0,0,0,0,0,0
16,110,0,0,0,0,0,0,0
15,107,0,0,0,0,0,0,0
14,105,0,0,0,0,0,0,0
13,103,0,0,0,0,0,0,0
12,102,0,0,0,0,0,0,0
11,101,0,0,0,0,0,0,0
10,103,0,0,0,0,0,0,0
9,103,0,0,0,0,0,0,0
8,104,0,0,0,0,0,0,0
7,104,0,0,0,0,0,0,0
6,104,0,0,0,0,0,0,0
5,103,0,0,0,0,0,0,0
4,102,0,0,0,0,0,0,0
3,102,0,0,0,0,0,0,0
2,102,0,0,0,0,0,0,0
1,102,0,0,0,0,0,0,0
0,101,0,0,0,0,0,0,0
1,101,0,0,0,0,0,0,0
2,102,0,0,0,0,0,0,0
3,101,0,0,0,0,0,0,0
4,102,0,0,0,0,0,0,0
5,101,0,0,0,0,0,0,0
6,102,0,0,0,0,0,0,0
7,102,0,0,0,0,0,0,0
8,102,0,0,0,0,0,0,0
9,103,0,0,0,0,0,0,0
10,104,0,0,0,0,0,0,0
11,104,0,0,0,0,0,0,0
12,104,0,0,0,0,0,0,0
13,103,0,0,0,0,0,0,0
14,102,0,0,0,0,0,0,0
15,101,0,0,0,0,0,0,0
16,101,0,0,0,0,0,0,0
17,102,0,0,0,0,0,0,0
18,103,0,0,0,0,0,0,0
19,105,0,0,0,0,0,0,0
20,107,0,0,0,0,0,0,0
21,111,0,0,0,0,0,0,0
22,114,0,0,0,0,0,0,0
23,114,0,0,0,0,0,0,0
24,114,0,0,0,0,0,0,0
25,114,0,0,0,0,0,0,0
26,115,0,0,0,0,0,0,0
27,115,0,0,0,0,0,0,0
28,117,0,0,0,0,0,0,0
29,121,0,0,0,0,0,0,0
30,125,0,0,0,0,0,0,0
31,129,0,0,0,0,0,0,0
32,132,0,0,0,0,0,0,0
33,135,0,0,0,0,0,0,0
34,139,0,0,0,0,0,0,0
35,143,0,0,0,0,0,0,0
36,147,0,0,0,0,0,0,0
37,153,0,0,0,0,0,0,0
38,157,0,0,0,0,0,0,0
39,161,0,0,0,0,0,0,0
40,166,0,0,0,0,0,0,0
41,171,0,0,0,0,0,0,0
42,176,0,0,0,0,0,0,0
43,183,0,0,0,0,0,0,0
44,186,0,0,0,0,0,0,0
45,191,0,0,0,0,0,0,0
46,196,0,0,0,0,0,0,0
47,202,0,0,0,0,0,0,0
48,209,0,0,0,0,0,0,0
49,215,0,0,0,0,0,0,0
50,222,0,0,0,0,0,0,0
51,232,0,0,0,0,0,0,0
52,248,0,0,0,0,0,0,0
53,262,0,0,0,0,0,0,0
54,277,0,0,0,0,0,0,0
55,286,0,0,0,0,0,0,0
56,299,0,0,0,0,0,0,0
57,309,0,0,0,0,0,0,0
58,325,0,0,0,0,0,0,0
59,340,0,0,0,0,0,0,0
60,362,0,0,0,0,0,0,0
61,381,0,0,0,0,0,0,0
62,399,0,0,0,0,0,0,0
63,419,0,0,0,0,0,0,0
64,444,0,0,0,0,0,0,0
65,468,0,0,0,0,0,0,0
66,493,0,0,0,0,0,0,0
67,542,0,0,0,0,0,0,0
68,572,0,0,0,0,0,0,0
69,601,0,0,0,0,0,0,0
70,632,0,0,0,0,0,0,0
71,675,0,0,0,0,0,0,0
72,713,0,0,0,0,0,0,0
73,751,0,0,0,0,0,0,0
74,782,0,0,0,0,0,0,0
75,809,0,0,0,0,0,0,0
76,826,0,0,0,0,0,0,0
77,849,0,0,0,0,0,0,0
78,849,0,0,0,0,0,0,0
79,843,0,0,0,0,0,0,0
80,825,0,0,0,0,0,0,0
81,800,0,0,0,0,0,0,0
82,765,0,0,0,0,0,0,0
83,725,0,0,0,0,0,0,0
84,681,0,0,0,0,0,0,0
85,638,0,0,0,0,0,0,0
86,598,0,0,0,0,0,0,0
87,560,0,0,0,0,0,0,0
88,529,0,0,0,0,0,0,0
89,489,0,0,0,0,0,0,0
90,460,0,0,0,0,0,0,0
91,430,0,0,0,0,0,0,0
92,406,0,0,0,0,0,0,0
93,383,0,0,0,0,0,0,0
94,356,0,0,0,0,0,0,0
95,334,0,0,0,0,0,0,0
96,320,0,0,0,0,0,0,0
97,309,0,0,0,0,0,0,0
98,295,0,0,0,0,0,0,0
99,284,0,0,0,0,0,0,0
100,276,0,0,0,0,0,0,0
101,270,0,0,0,0,0,0,0
102,263,0,0,0,0,0,0,0
103,261,0,0,0,0,0,0,0
104,248,0,0,0,0,0,0,0
105,244,0,0,0,0,0,0,0
106,239,0,0,0,0,0,0,0
107,233,0,0,0,0,0,0,0
108,239,0,0,0,0,0,0,0
109,224,0,0,0,0,0,0,0
110,218,0,0,0,0,0,0,0
111,212,0,0,0,0,0,0,0
112,207,0,0,0,0,0,0,0
113,203,0,0,0,0,0,0,0
114,198,0,0,0,0,0,0,0
115,184,0,0,0,0,0,0,0
116,195,0,0,0,0,0,0,0
117,192,0,0,0,0,0,0,0
118,204,0,0,0,0,0,0,0
119,184,0,0,0,0,0,0,0
120,183,0,0,0,0,0,0,0
121,173,0,0,0,0,0,0,0
122,168,0,0,0,0,0,0,0
123,163,0,0,0,0,0,0,0
124,160,0,0,0,0,0,0,0
125,157,0,0,0,0,0,0,0
126,152,0,0,0,0,0,0,0
127,150,0,0,0,0,0,0,0
128,147,0,0,0,0,0,0,0
129,142,0,0,0,0,0,0,0
130,141,0,0,0,0,0,0,0
131,136,0,0,0,0,0,0,0
132,133,0,0,0,0,0,0,0
133,131,0,0,0,0,0,0,0
134,128,0,0,0,0,0,0,0
135,126,0,0,0,0,0,0,0
136,115,0,0,0,0,0,0,0
137,123,0,0,0,0,0,0,0
138,125,0,0,0,0,0,0,0
139,112,0,0,0,0,0,0,0
140,118,0,0,0,0,0,0,0
141,118,0,0,0,0,0,0,0
142,120,0,0,0,0,0,0,0
143,126,0,0,0,0,0,0,0
144,113,0,0,0,0,0,0,0
145,122,0,0,0,0,0,0,0
146,131,0,0,0,0,0,0,0
147,118,0,0,0,0,0,0,0
148,119,0,0,0,0,0,0,0
149,119,0,0,0,0,0,0,0
150,114,0,0,0,0,0,0,0
151,112,0,0,0,0,0,0,0
152,112,0,0,0,0,0,0,0
153,130,0,0,0,0,0,0,0
154,118,0,0,0,0,0,0,0
155,111,0,0,0,0,0,0,0
156,108,0,0,0,0,0,0,0
157,108,0,0,0,0,0,0,0
158,132,0,0,0,0,0,0,0
159,107,0,0,0,0,0,0,0
160,124,0,0,0,0,0,0,0
161,116,0,0,0,0,0,0,0
162,109,0,0,0,0,0,0,0
163,112,0,0,0,0,0,0,0
164,99,0,0,0,0,0,0,0
165,127,0,0,0,0,0,0,0
166,111,0,0,0,0,0,0,0
167,92,0,0,0,0,0,0,0
168,102,0,0,0,0,0,0,0
169,97,0,0,0,0,0,0,0
170,101,0,0,0,0,0,0,0
171,110,0,0,0,0,0,0,0
172,99,0,0,0,0,0,0,0
173,95,0,0,0,0,0,0,0
174,93,0,0,0,0,0,0,0
175,98,0,0,0,0,0,0,0
176,88,0,0,0,0,0,0,0
177,93,0,0,0,0,0,0,0
178,91,0,0,0,0,0,0,0
179,92,0,0,0,0,0,0,0
180,92,0,0,0,0,0,0,0
179,103,0,0,0,0,0,0,0
178,96,0,0,0,0,0,0,0
177,94,0,0,0,0,0,0,0
176,99,0,0,0,0,0,0,0
175,87,0,0,0,0,0,0,0
174,94,0,0,0,0,0,0,0
173,91,0,0,0,0,0,0,0
172,92,0,0,0,0,0,0,0
171,92,0,0,0,0,0,0,0
170,94,0,0,0,0,0,0,0
169,91,0,0,0,0,0,0,0
168,94,0,0,0,0,0,0,0
167,96,0,0,0,0,0,0,0
166,94,0,0,0,0,0,0,0
165,100,0,0,0,0,0,0,0
164,100,0,0,0,0,0,0,0
163,101,0,0,0,0,0,0,0
162,102,0,0,0,0,0,0,0
161,102,0,0,0,0,0,0,0
160,105,0,0,0,0,0,0,0
159,103,0,0,0,0,0,0,0
158,104,0,0,0,0,0,0,0
157,104,0,0,0,0,0,0,0
156,104,0,0,0,0,0,0,0
155,107,0,0,0,0,0,0,0
154,105,0,0,0,0,0,0,0
153,106,0,0,0,0,0,0,0
152,107,0,0,0,0,0,0,0
151,107,0,0,0,0,0,0,0
150,110,0,0,0,0,0,0,0
149,110,0,0,0,0,0,0,0
148,114,0,0,0,0,0,0,0
147,112,0,0,0,0,0,0,0
146,113,0,0,0,0,0,0,0
145,114,0,0,0,0,0,0,0
144,114,0,0,0,0,0,0,0
143,113,0,0,0,0,0,0,0
142,114,0,0,0,0,0,0,0
141,113,0,0,0,0,0,0,0
140,112,0,0,0,0,0,0,0
139,115,0,0,0,0,0,0,0
138,116,0,0,0,0,0,0,0
137,115,0,0,0,0,0,0,0
136,140,0,0,0,0,0,0,0
135,117,0,0,0,0,0,0,0
134,121,0,0,0,0,0,0,0
133,121,0,0,0,0,0,0,0
132,124,0,0,0,0,0,0,0
131,125,0,0,0,0,0,0,0
130,126,0,0,0,0,0,0,0
129,129,0,0,0,0,0,0,0
128,132,0,0,0,0,0,0,0
127,134,0,0,0,0,0,0,0
126,135,0,0,0,0,0,0,0
125,140,0,0,0,0,0,0,0
124,142,0,0,0,0,0,0,0
123,146,0,0,0,0,0,0,0
122,151,0,0,0,0,0,0,0
121,152,0,0,0,0,0,0,0
120,155,0,0,0,0,0,0,0
119,159,0,0,0,0,0,0,0
118,162,0,0,0,0,0,0,0
117,164,0,0,0,0,0,0,0
116,169,0,0,0,0,0,0,0
115,172,0,0,0,0,0,0,0
114,176,0,0,0,0,0,0,0
113,177,0,0,0,0,0,0,0
112,183,0,0,0,0,0,0,0
111,187,0,0,0,0,0,0,0
110,192,0,0,0,0,0,0,0
109,196,0,0,0,0,0,0,0
108,199,0,0,0,0,0,0,0
107,206,0,0,0,0,0,0,0
106,212,0,0,0,0,0,0,0
105,216,0,0,0,0,0,0,0
104,222,0,0,0,0,0,0,0
103,226,0,0,0,0,0,0,0
102,233,0,0,0,0,0,0,0
101,237,0,0,0,0,0,0,0
100,240,0,0,0,0,0,0,0
99,245,0,0,0,0,0,0,0
98,250,0,0,0,0,0,0,0
97,261,0,0,0,0,0,0,0
96,269,0,0,0,0,0,0,0
95,272,0,0,0,0,0,0,0
94,278,0,0,0,0,0,0,0
93,289,0,0,0,0,0,0,0
92,304,0,0,0,0,0,0,0
91,320,0,0,0,0,0,0,0
90,331,0,0,0,0,0,0,0
89,340,0,0,0,0,0,0,0
88,351,0,0,0,0,0,0,0
87,379,0,0,0,0,0,0,0
86,410,0,0,0,0,0,0,0
85,436,0,0,0,0,0,0,0
84,462,0,0,0,0,0,0,0
83,486,0,0,0,0,0,0,0
82,514,0,0,0,0,0,0,0
81,552,0,0,0,0,0,0,0
80,582,0,0,0,0,0,0,0
79,614,0,0,0,0,0,0,0
78,652,0,0,0,0,0,0,0
77,688,0,0,0,0,0,0,0
76,726,0,0,0,0,0,0,0
75,761,0,0,0,0,0,0,0
74,795,0,0,0,0,0,0,0
73,821,0,0,0,0,0,0,0
72,838,0,0,0,0,0,0,0
71,848,0,0,0,0,0,0,0
70,845,0,0,0,0,0,0,0
69,836,0,0,0,0,0,0,0
68,819,0,0,0,0,0,0,0
67,790,0,0,0,0,0,0,0
66,756,0,0,0,0,0,0,0
65,715,0,0,0,0,0,0,0
64,672,0,0,0,0,0,0,0
63,626,0,0,0,0,0,0,0
62,593,0,0,0,0,0,0,0
61,560,0,0,0,0,0,0,0
60,521,0,0,0,0,0,0,0
59,476,0,0,0,0,0,0,0
58,450,0,0,0,0,0,0,0
57,421,0,0,0,0,0,0,0
56,400,0,0,0,0,0,0,0
55,381,0,0,0,0,0,0,0
54,363,0,0,0,0,0,0,0
53,341,0,0,0,0,0,0,0
52,318,0,0,0,0,0,0,0
51,303,0,0,0,0,0,0,0
50,292,0,0,0,0,0,0,0
49,282,0,0,0,0,0,0,0
48,267,0,0,0,0,0,0,0
47,252,0,0,0,0,0,0,0
46,239,0,0,0,0,0,0,0
45,226,0,0,0,0,0,0,0
44,219,0,0,0,0,0,0,0
43,211,0,0,0,0,0,0,0
42,204,0,0,0,0,0,0,0
41,199,0,0,0,0,0,0,0
40,190,0,0,0,0,0,0,0
39,185,0,0,0,0,0,0,0
38,181,0,0,0,0,0,0,0
37,178,0,0,0,0,0,0,0
36,171,0,0,0,0,0,0,0
35,166,0,0,0,0,0,0,0
34,162,0,0,0,0,0,0,0
33,155,0,0,0,0,0,0,0
32,150,0,0,0,0,0,0,0
31,145,0,0,0,0,0,0,0
30,142,0,0,0,0,0,0,0
29,139,0,0,0,0,0,0,0
28,133,0,0,0,0,0,0,0
27,130,0,0,0,0,0,0,0
26,126,0,0,0,0,0,0,0
25,125,0,0,0,0,0,0,0
24,119,0,0,0,0,0,0,0
23,118,0,0,0,0,0,0,0
22,115,0,0,0,0,0,0,0
21,114,0,0,0,0,0,0,0
20,114,0,0,0,0,0,0,0
19,115,0,0,0,0,0,0,0
18,114,0,0,0,0,0,0,0
17,112,0,0,0,0,0,0,0
16,110,0,0,0,0,0,0,0
15,107,0,0,0,0,0,0,0
14,105,0,0,0,0,0,0,0
13,103,0,0,0,0,0,0,0
12,102,0,0,0,0,0,0,0
11,102,0,0,0,0,0,0,0
10,102,0,0,0,0,0,0,0
9,102,0,0,0,0,0,0,0
8,106,0,0,0,0,0,0,0
7,104,0,0,0,0,0,0,0
6,104,0,0,0,0,0,0,0
5,104,0,0,0,0,0,0,0
4,102,0,0,0,0,0,0,0
3,102,0,0,0,0,0,0,0
2,100,0,0,0,0,0,0,0
1,102,0,0,0,0,0,0,0
0,101,0,0,0,0,0,0,0
1,102,0,0,0,0,0,0,0
2,102,0,0,0,0,0,0,0
3,101,0,0,0,0,0,0,0
4,101,0,0,0,0,0,0,0
5,102,0,0,0,0,0,0,0
6,101,0,0,0,0,0,0,0
7,102,0,0,0,0,0,0,0
8,102,0,0,0,0,0,0,0
9,103,0,0,0,0,0,0,0
10,104,0,0,0,0,0,0,0
11,107,0,0,0,0,0,0,0
12,103,0,0,0,0,0,0,0
13,103,0,0,0,0,0,0,0
14,103,0,0,0,0,0,0,0
15,101,0,0,0,0,0,0,0
16,101,0,0,0,0,0,0,0
17,103,0,0,0,0,0,0,0
18,104,0,0,0,0,0,0,0
19,106,0,0,0,0,0,0,0
20,107,0,0,0,0,0,0,0
21,110,0,0,0,0,0,0,0
22,113,0,0,0,0,0,0,0
23,114,0,0,0,0,0,0,0
24,114,0,0,0,0,0,0,0
25,114,0,0,0,0,0,0,0
26,116,0,0,0,0,0,0,0
27,116,0,0,0,0,0,0,0
28,116,0,0,0,0,0,0,0
29,119,0,0,0,0,0,0,0
30,124,0,0,0,0,0,0,0
31,129,0,0,0,0,0,0,0
32,131,0,0,0,0,0,0,0
33,136,0,0,0,0,0,0,0
34,137,0,0,0,0,0,0,0
35,143,0,0,0,0,0,0,0
36,148,0,0,0,0,0,0,0
37,153,0,0,0,0,0,0,0
38,158,0,0,0,0,0,0,0
39,163,0,0,0,0,0,0,0
40,166,0,0,0,0,0,0,0
41,171,0,0,0,0,0,0,0
42,176,0,0,0,0,0,0,0
43,182,0,0,0,0,0,0,0
44,188,0,0,0,0,0,0,0
45,192,0,0,0,0,0,0,0
46,198,0,0,0,0,0,0,0
47,202,0,0,0,0,0,0,0
48,210,0,0,0,0,0,0,0
49,216,0,0,0,0,0,0,0
50,224,0,0,0,0,0,0,0
51,235,0,0,0,0,0,0,0
52,247,0,0,0,0,0,0,0
53,261,0,0,0,0,0,0,0
54,272,0,0,0,0,0,0,0
55,288,0,0,0,0,0,0,0
56,302,0,0,0,0,0,0,0
57,314,0,0,0,0,0,0,0
58,325,0,0,0,0,0,0,0
59,347,0,0,0,0,0,0,0
60,367,0,0,0,0,0,0,0
61,386,0,0,0,0,0,0,0
62,403,0,0,0,0,0,0,0
63,421,0,0,0,0,0,0,0
64,442,0,0,0,0,0,0,0
65,470,0,0,0,0,0,0,0
66,502,0,0,0,0,0,0,0
67,538,0,0,0,0,0,0,0
68,575,0,0,0,0,0,0,0
69,607,0,0,0,0,0,0,0
70,640,0,0,0,0,0,0,0
71,681,0,0,0,0,0,0,0
72,719,0,0,0,0,0,0,0
73,754,0,0,0,0,0,0,0
74,787,0,0,0,0,0,0,0
75,813,0,0,0,0,0,0,0
76,832,0,0,0,0,0,0,0
77,846,0,0,0,0,0,0,0
78,851,0,0,0,0,0,0,0
79,844,0,0,0,0,0,0,0
80,825,0,0,0,0,0,0,0
81,798,0,0,0,0,0,0,0
82,766,0,0,0,0,0,0,0
83,724,0,0,0,0,0,0,0
84,679,0,0,0,0,0,0,0
85,640,0,0,0,0,0,0,0
86,598,0,0,0,0,0,0,0
87,559,0,0,0,0,0,0,0
88,525,0,0,0,0,0,0,0
89,483,0,0,0,0,0,0,0
90,456,0,0,0,0,0,0,0
91,426,0,0,0,0,0,0,0
92,402,0,0,0,0,0,0,0
93,381,0,0,0,0,0,0,0
94,355,0,0,0,0,0,0,0
95,333,0,0,0,0,0,0,0
96,321,0,0,0,0,0,0,0
97,309,0,0,0,0,0,0,0
98,295,0,0,0,0,0,0,0
99,284,0,0,0,0,0,0,0
100,276,0,0,0,0,0,0,0
101,269,0,0,0,0,0,0,0
102,264,0,0,0,0,0,0,0
103,259,0,0,0,0,0,0,0
104,249,0,0,0,0,0,0,0
105,244,0,0,0,0,0,0,0
106,237,0,0,0,0,0,0,0
107,233,0,0,0,0,0,0,0
108,228,0,0,0,0,0,0,0
109,222,0,0,0,0,0,0,0
110,220,0,0,0,0,0,0,0
111,212,0,0,0,0,0,0,0
112,207,0,0,0,0,0,0,0
113,207,0,0,0,0,0,0,0
114,198,0,0,0,0,0,0,0
115,195,0,0,0,0,0,0,0
116,188,0,0,0,0,0,0,0
117,184,0,0,0,0,0,0,0
118,179,0,0,0,0,0,0,0
119,176,0,0,0,0,0,0,0
120,171,0,0,0,0,0,0,0
121,172,0,0,0,0,0,0,0
122,166,0,0,0,0,0,0,0
123,162,0,0,0,0,0,0,0
124,159,0,0,0,0,0,0,0
125,156,0,0,0,0,0,0,0
126,151,0,0,0,0,0,0,0
127,149,0,0,0,0,0,0,0
128,147,0,0,0,0,0,0,0
129,142,0,0,0,0,0,0,0
130,142,0,0,0,0,0,0,0
131,136,0,0,0,0,0,0,0
132,133,0,0,0,0,0,0,0
133,129,0,0,0,0,0,0,0
134,128,0,0,0,0,0,0,0
135,126,0,0,0,0,0,0,0
136,126,0,0,0,0,0,0,0
137,121,0,0,0,0,0,0,0
138,122,0,0,0,0,0,0,0
139,120,0,0,0,0,0,0,0
140,117,0,0,0,0,0,0,0
141,118,0,0,0,0,0,0,0
142,117,0,0,0,0,0,0,0
143,116,0,0,0,0,0,0,0
144,114,0,0,0,0,0,0,0
145,113,0,0,0,0,0,0,0
146,115,0,0,0,0,0,0,0
147,113,0,0,0,0,0,0,0
148,114,0,0,0,0,0,0,0
149,116,0,0,0,0,0,0,0
150,113,0,0,0,0,0,0,0
151,116,0,0,0,0,0,0,0
152,112,0,0,0,0,0,0,0
153,115,0,0,0,0,0,0,0
154,124,0,0,0,0,0,0,0
155,118,0,0,0,0,0,0,0
156,111,0,0,0,0,0,0,0
157,107,0,0,0,0,0,0,0
158,104,0,0,0,0,0,0,0
159,106,0,0,0,0,0,0,0
160,104,0,0,0,0,0,0,0
161,108,0,0,0,0,0,0,0
162,135,0,0,0,0,0,0,0
163,112,0,0,0,0,0,0,0
164,128,0,0,0,0,0,0,0
165,106,0,0,0,0,0,0,0
166,101,0,0,0,0,0,0,0
167,102,0,0,0,0,0,0,0
168,101,0,0,0,0,0,0,0
169,104,0,0,0,0,0,0,0
170,88,0,0,0,0,0,0,0
171,99,0,0,0,0,0,0,0
172,88,0,0,0,0,0,0,0
173,95,0,0,0,0,0,0,0
174,93,0,0,0,0,0,0,0
175,94,0,0,0,0,0,0,0
176,93,0,0,0,0,0,0,0
177,89,0,0,0,0,0,0,0
178,92,0,0,0,0,0,0,0
179,89,0,0,0,0,0,0,0
180,95,0,0,0,0,0,0,0
179,110,0,0,0,0,0,0,0
178,94,0,0,0,0,0,0,0
177,94,0,0,0,0,0,0,0
176,96,0,0,0,0,0,0,0
175,96,0,0,0,0,0,0,0
174,91,0,0,0,0,0,0,0
173,92,0,0,0,0,0,0,0
172,91,0,0,0,0,0,0,0
171,94,0,0,0,0,0,0,0
170,93,0,0,0,0,0,0,0
169,94,0,0,0,0,0,0,0
168,94,0,0,0,0,0,0,0
167,96,0,0,0,0,0,0,0
166,99,0,0,0,0,0,0,0
165,97,0,0,0,0,0,0,0
164,100,0,0,0,0,0,0,0
163,101,0,0,0,0,0,0,0
162,103,0,0,0,0,0,0,0
161,101,0,0,0,0,0,0,0
160,105,0,0,0,0,0,0,0
159,104,0,0,0,0,0,0,0
158,110,0,0,0,0,0,0,0
157,105,0,0,0,0,0,0,0
156,109,0,0,0,0,0,0,0
155,104,0,0,0,0,0,0,0
154,105,0,0,0,0,0,0,0
153,106,0,0,0,0,0,0,0
152,105,0,0,0,0,0,0,0
151,109,0,0,0,0,0,0,0
150,109,0,0,0,0,0,0,0
149,111,0,0,0,0,0,0,0
148,112,0,0,0,0,0,0,0
147,115,0,0,0,0,0,0,0
146,113,0,0,0,0,0,0,0
145,117,0,0,0,0,0,0,0
144,114,0,0,0,0,0,0,0
143,118,0,0,0,0,0,0,0
142,113,0,0,0,0,0,0,0
141,114,0,0,0,0,0,0,0
140,117,0,0,0,0,0,0,0
139,113,0,0,0,0,0,0,0
138,118,0,0,0,0,0,0,0
137,117,0,0,0,0,0,0,0
136,118,0,0,0,0,0,0,0
135,118,0,0,0,0,0,0,0
134,122,0,0,0,0,0,0,0
133,121,0,0,0,0,0,0,0
132,125,0,0,0,0,0,0,0
131,123,0,0,0,0,0,0,0
130,128,0,0,0,0,0,0,0
129,128,0,0,0,0,0,0,0
128,131,0,0,0,0,0,0,0
127,134,0,0,0,0,0,0,0
126,136,0,0,0,0,0,0,0
125,139,0,0,0,0,0,0,0
124,141,0,0,0,0,0,0,0
123,146,0,0,0,0,0,0,0
122,147,0,0,0,0,0,0,0
121,153,0,0,0,0,0,0,0
120,155,0,0,0,0,0,0,0
119,159,0,0,0,0,0,0,0
118,163,0,0,0,0,0,0,0
117,164,0,0,0,0,0,0,0
116,167,0,0,0,0,0,0,0
115,172,0,0,0,0,0,0,0
114,176,0,0,0,0,0,0,0
113,178,0,0,0,0,0,0,0
112,184,0,0,0,0,0,0,0
111,185,0,0,0,0,0,0,0
110,194,0,0,0,0,0,0,0
109,196,0,0,0,0,0,0,0
108,200,0,0,0,0,0,0,0
107,206,0,0,0,0,0,0,0
106,211,0,0,0,0,0,0,0
105,216,0,0,0,0,0,0,0
104,224,0,0,0,0,0,0,0
103,228,0,0,0,0,0,0,0
102,234,0,0,0,0,0,0,0
101,236,0,0,0,0,0,0,0
100,240,0,0,0,0,0,0,0
99,245,0,0,0,0,0,0,0
98,250,0,0,0,0,0,0,0
97,260,0,0,0,0,0,0,0
96,267,0,0,0,0,0,0,0
95,272,0,0,0,0,0,0,0
94,278,0,0,0,0,0,0,0
93,287,0,0,0,0,0,0,0
92,304,0,0,0,0,0,0,0
91,318,0,0,0,0,0,0,0
90,331,0,0,0,0,0,0,0
89,338,0,0,0,0,0,0,0
88,354,0,0,0,0,0,0,0
87,379,0,0,0,0,0,0,0
86,410,0,0,0,0,0,0,0
85,433,0,0,0,0,0,0,0
84,461,0,0,0,0,0,0,0
83,487,0,0,0,0,0,0,0
82,510,0,0,0,0,0,0,0
81,545,0,0,0,0,0,0,0
80,578,0,0,0,0,0,0,0
79,615,0,0,0,0,0,0,0
78,652,0,0,0,0,0,0,0
77,684,0,0,0,0,0,0,0
76,717,0,0,0,0,0,0,0
75,756,0,0,0,0,0,0,0
74,785,0,0,0,0,0,0,0
73,816,0,0,0,0,0,0,0
72,836,0,0,0,0,0,0,0
71,847,0,0,0,0,0,0,0
70,848,0,0,0,0,0,0,0
69,843,0,0,0,0,0,0,0
68,824,0,0,0,0,0,0,0
67,798,0,0,0,0,0,0,0
66,767,0,0,0,0,0,0,0
65,726,0,0,0,0,0,0,0
64,680,0,0,0,0,0,0,0
63,636,0,0,0,0,0,0,0
62,600,0,0,0,0,0,0,0
61,569,0,0,0,0,0,0,0
60,528,0,0,0,0,0,0,0
59,486,0,0,0,0,0,0,0
58,455,0,0,0,0,0,0,0
57,427,0,0,0,0,0,0,0
56,405,0,0,0,0,0,0,0
55,387,0,0,0,0,0,0,0
54,369,0,0,0,0,0,0,0
53,351,0,0,0,0,0,0,0
52,326,0,0,0,0,0,0,0
51,307,0,0,0,0,0,0,0
50,295,0,0,0,0,0,0,0
49,284,0,0,0,0,0,0,0
48,272,0,0,0,0,0,0,0
47,257,0,0,0,0,0,0,0
46,243,0,0,0,0,0,0,0
45,230,0,0,0,0,0,0,0
44,221,0,0,0,0,0,0,0
43,213,0,0,0,0,0,0,0
42,206,0,0,0,0,0,0,0
41,202,0,0,0,0,0,0,0
40,192,0,0,0,0,0,0,0
39,186,0,0,0,0,0,0,0
38,183,0,0,0,0,0,0,0
37,182,0,0,0,0,0,0,0
36,173,0,0,0,0,0,0,0
35,173,0,0,0,0,0,0,0
34,164,0,0,0,0,0,0,0
33,158,0,0,0,0,0,0,0
32,153,0,0,0,0,0,0,0
31,155,0,0,0,0,0,0,0
30,143,0,0,0,0,0,0,0
29,140,0,0,0,0,0,0,0
28,137,0,0,0,0,0,0,0
27,132,0,0,0,0,0,0,0
26,125,0,0,0,0,0,0,0
25,123,0,0,0,0,0,0,0
24,120,0,0,0,0,0,0,0
23,123,0,0,0,0,0,0,0
22,116,0,0,0,0,0,0,0
21,117,0,0,0,0,0,0,0
20,115,0,0,0,0,0,0,0
19,115,0,0,0,0,0,0,0
18,116,0,0,0,0,0,0,0
17,113,0,0,0,0,0,0,0
16,111,0,0,0,0,0,0,0
15,108,0,0,0,0,0,0,0
14,105,0,0,0,0,0,0,0
13,104,0,0,0,0,0,0,0
12,102,0,0,0,0,0,0,0
11,102,0,0,0,0,0,0,0
10,104,0,0,0,0,0,0,0
9,103,0,0,0,0,0,0,0
8,107,0,0,0,0,0,0,0
7,104,0,0,0,0,0,0,0
6,105,0,0,0,0,0,0,0
5,104,0,0,0,0,0,0,0
4,103,0,0,0,0,0,0,0
3,103,0,0,0,0,0,0,0
2,103,0,0,0,0,0,0,0
1,103,0,0,0,0,0,0,0
0,102,0,0,0,0,0,0,0
1,103,0,0,0,0,0,0,0
2,102,0,0,0,0,0,0,0
3,101,0,0,0,0,0,0,0
4,105,0,0,0,0,0,0,0
5,101,0,0,0,0,0,0,0
6,103,0,0,0,0,0,0,0
7,102,0,0,0,0,0,0,0
8,103,0,0,0,0,0,0,0
9,103,0,0,0,0,0,0,0
10,104,0,0,0,0,0,0,0
11,104,0,0,0,0,0,0,0
12,104,0,0,0,0,0,0,0
13,104,0,0,0,0,0,0,0
14,101,0,0,0,0,0,0,0
15,103,0,0,0,0,0,0,0
16,102,0,0,0,0,0,0,0
17,103,0,0,0,0,0,0,0
18,104,0,0,0,0,0,0,0
19,108,0,0,0,0,0,0,0
20,108,0,0,0,0,0,0,0
21,111,0,0,0,0,0,0,0
22,114,0,0,0,0,0,0,0
23,115,0,0,0,0,0,0,0
24,119,0,0,0,0,0,0,0
25,114,0,0,0,0,0,0,0
26,115,0,0,0,0,0,0,0
27,116,0,0,0,0,0,0,0
28,116,0,0,0,0,0,0,0
29,124,0,0,0,0,0,0,0
30,124,0,0,0,0,0,0,0
31,127,0,0,0,0,0,0,0
32,134,0,0,0,0,0,0,0
33,135,0,0,0,0,0,0,0
34,142,0,0,0,0,0,0,0
35,142,0,0,0,0,0,0,0
36,151,0,0,0,0,0,0,0
37,152,0,0,0,0,0,0,0
38,156,0,0,0,0,0,0,0
39,161,0,0,0,0,0,0,0
40,165,0,0,0,0,0,0,0
41,171,0,0,0,0,0,0,0
42,176,0,0,0,0,0,0,0
43,180,0,0,0,0,0,0,0
44,187,0,0,0,0,0,0,0
45,191,0,0,0,0,0,0,0
46,195,0,0,0,0,0,0,0
47,200,0,0,0,0,0,0,0
48,210,0,0,0,0,0,0,0
49,231,0,0,0,0,0,0,0
50,225,0,0,0,0,0,0,0
51,233,0,0,0,0,0,0,0
52,246,0,0,0,0,0,0,0
53,257,0,0,0,0,0,0,0
54,268,0,0,0,0,0,0,0
55,286,0,0,0,0,0,0,0
56,301,0,0,0,0,0,0,0
57,310,0,0,0,0,0,0,0
58,324,0,0,0,0,0,0,0
59,340,0,0,0,0,0,0,0
60,360,0,0,0,0,0,0,0
61,380,0,0,0,0,0,0,0
62,397,0,0,0,0,0,0,0
63,418,0,0,0,0,0,0,0
64,439,0,0,0,0,0,0,0
65,466,0,0,0,0,0,0,0
66,492,0,0,0,0,0,0,0
67,528,0,0,0,0,0,0,0
68,569,0,0,0,0,0,0,0
69,600,0,0,0,0,0,0,0
70,641,0,0,0,0,0,0,0
71,674,0,0,0,0,0,0,0
72,709,0,0,0,0,0,0,0
73,748,0,0,0,0,0,0,0
74,779,0,0,0,0,0,0,0
75,807,0,0,0,0,0,0,0
76,828,0,0,0,0,0,0,0
77,843,0,0,0,0,0,0,0
78,851,0,0,0,0,0,0,0
79,849,0,0,0,0,0,0,0
80,831,0,0,0,0,0,0,0
81,807,0,0,0,0,0,0,0
82,773,0,0,0,0,0,0,0
83,730,0,0,0,0,0,0,0
84,686,0,0,0,0,0,0,0
85,646,0,0,0,0,0,0,0
86,624,0,0,0,0,0,0,0
87,568,0,0,0,0,0,0,0
88,539,0,0,0,0,0,0,0
89,496,0,0,0,0,0,0,0
90,471,0,0,0,0,0,0,0
91,433,0,0,0,0,0,0,0
92,415,0,0,0,0,0,0,0
93,386,0,0,0,0,0,0,0
94,361,0,0,0,0,0,0,0
95,337,0,0,0,0,0,0,0
96,325,0,0,0,0,0,0,0
97,310,0,0,0,0,0,0,0
98,297,0,0,0,0,0,0,0
99,287,0,0,0,0,0,0,0
100,277,0,0,0,0,0,0,0
101,270,0,0,0,0,0,0,0
102,271,0,0,0,0,0,0,0
103,270,0,0,0,0,0,0,0
104,251,0,0,0,0,0,0,0
105,245,0,0,0,0,0,0,0
106,239,0,0,0,0,0,0,0
107,235,0,0,0,0,0,0,0
108,224,0,0,0,0,0,0,0
109,225,0,0,0,0,0,0,0
110,221,0,0,0,0,0,0,0
111,214,0,0,0,0,0,0,0
112,214,0,0,0,0,0,0,0
113,230,0,0,0,0,0,0,0
114,207,0,0,0,0,0,0,0
115,199,0,0,0,0,0,0,0
116,184,0,0,0,0,0,0,0
117,186,0,0,0,0,0,0,0
118,182,0,0,0,0,0,0,0
119,180,0,0,0,0,0,0,0
120,192,0,0,0,0,0,0,0
121,192,0,0,0,0,0,0,0
122,171,0,0,0,0,0,0,0
123,166,0,0,0,0,0,0,0
124,162,0,0,0,0,0,0,0
125,159,0,0,0,0,0,0,0
126,155,0,0,0,0,0,0,0
127,151,0,0,0,0,0,0,0
128,147,0,0,0,0,0,0,0
129,143,0,0,0,0,0,0,0
130,140,0,0,0,0,0,0,0
131,143,0,0,0,0,0,0,0
132,135,0,0,0,0,0,0,0
133,137,0,0,0,0,0,0,0
134,143,0,0,0,0,0,0,0
135,132,0,0,0,0,0,0,0
136,130,0,0,0,0,0,0,0
137,124,0,0,0,0,0,0,0
138,121,0,0,0,0,0,0,0
139,115,0,0,0,0,0,0,0
140,120,0,0,0,0,0,0,0
141,118,0,0,0,0,0,0,0
142,123,0,0,0,0,0,0,0
143,116,0,0,0,0,0,0,0
144,115,0,0,0,0,0,0,0
145,114,0,0,0,0,0,0,0
146,114,0,0,0,0,0,0,0
147,112,0,0,0,0,0,0,0
148,124,0,0,0,0,0,0,0
149,117,0,0,0,0,0,0,0
150,122,0,0,0,0,0,0,0
151,114,0,0,0,0,0,0,0
152,113,0,0,0,0,0,0,0
153,112,0,0,0,0,0,0,0
154,113,0,0,0,0,0,0,0
155,119,0,0,0,0,0,0,0
156,113,0,0,0,0,0,0,0
157,116,0,0,0,0,0,0,0
158,111,0,0,0,0,0,0,0
159,105,0,0,0,0,0,0,0
160,98,0,0,0,0,0,0,0
161,110,0,0,0,0,0,0,0
162,99,0,0,0,0,0,0,0
163,108,0,0,0,0,0,0,0
164,115,0,0,0,0,0,0,0
165,105,0,0,0,0,0,0,0
166,111,0,0,0,0,0,0,0
167,103,0,0,0,0,0,0,0
168,106,0,0,0,0,0,0,0
169,101,0,0,0,0,0,0,0
170,101,0,0,0,0,0,0,0
171,103,0,0,0,0,0,0,0
172,103,0,0,0,0,0,0,0
173,94,0,0,0,0,0,0,0
174,95,0,0,0,0,0,0,0
175,92,0,0,0,0,0,0,0
176,87,0,0,0,0,0,0,0
177,92,0,0,0,0,0,0,0
178,93,0,0,0,0,0,0,0
179,89,0,0,0,0,0,0,0
180,111,0,0,0,0,0,0,0
179,95,0,0,0,0,0,0,0
178,93,0,0,0,0,0,0,0
177,95,0,0,0,0,0,0,0
176,97,0,0,0,0,0,0,0
175,96,0,0,0,0,0,0,0
174,94,0,0,0,0,0,0,0
173,90,0,0,0,0,0,0,0
172,92,0,0,0,0,0,0,0
171,91,0,0,0,0,0,0,0
170,93,0,0,0,0,0,0,0
169,93,0,0,0,0,0,0,0
168,94,0,0,0,0,0,0,0
167,98,0,0,0,0,0,0,0
166,97,0,0,0,0,0,0,0
165,100,0,0,0,0,0,0,0
164,100,0,0,0,0,0,0,0
163,102,0,0,0,0,0,0,0
162,101,0,0,0,0,0,0,0
161,102,0,0,0,0,0,0,0
160,102,0,0,0,0,0,0,0
159,101,0,0,0,0,0,0,0
158,111,0,0,0,0,0,0,0
157,104,0,0,0,0,0,0,0
156,105,0,0,0,0,0,0,0
155,104,0,0,0,0,0,0,0
154,106,0,0,0,0,0,0,0
153,105,0,0,0,0,0,0,0
152,111,0,0,0,0,0,0,0
151,105,0,0,0,0,0,0,0
150,109,0,0,0,0,0,0,0
149,111,0,0,0,0,0,0,0
148,110,0,0,0,0,0,0,0
147,113,0,0,0,0,0,0,0
146,113,0,0,0,0,0,0,0
145,114,0,0,0,0,0,0,0
144,113,0,0,0,0,0,0,0
143,112,0,0,0,0,0,0,0
142,112,0,0,0,0,0,0,0
141,115,0,0,0,0,0,0,0
140,113,0,0,0,0,0,0,0
139,117,0,0,0,0,0,0,0
138,114,0,0,0,0,0,0,0
137,121,0,0,0,0,0,0,0
136,119,0,0,0,0,0,0,0
135,117,0,0,0,0,0,0,0
134,119,0,0,0,0,0,0,0
133,119,0,0,0,0,0,0,0
132,122,0,0,0,0,0,0,0
131,127,0,0,0,0,0,0,0
130,125,0,0,0,0,0,0,0
129,130,0,0,0,0,0,0,0
128,129,0,0,0,0,0,0,0
127,133,0,0,0,0,0,0,0
126,138,0,0,0,0,0,0,0
125,135,0,0,0,0,0,0,0
124,141,0,0,0,0,0,0,0
123,144,0,0,0,0,0,0,0
122,151,0,0,0,0,0,0,0
121,151,0,0,0,0,0,0,0
120,158,0,0,0,0,0,0,0
119,157,0,0,0,0,0,0,0
118,162,0,0,0,0,0,0,0
117,164,0,0,0,0,0,0,0
116,170,0,0,0,0,0,0,0
115,168,0,0,0,0,0,0,0
114,174,0,0,0,0,0,0,0
113,176,0,0,0,0,0,0,0
112,180,0,0,0,0,0,0,0
111,187,0,0,0,0,0,0,0
110,189,0,0,0,0,0,0,0
109,195,0,0,0,0,0,0,0
108,198,0,0,0,0,0,0,0
107,204,0,0,0,0,0,0,0
106,209,0,0,0,0,0,0,0
105,214,0,0,0,0,0,0,0
104,219,0,0,0,0,0,0,0
103,227,0,0,0,0,0,0,0
102,230,0,0,0,0,0,0,0
101,238,0,0,0,0,0,0,0
100,237,0,0,0,0,0,0,0
99,242,0,0,0,0,0,0,0
98,248,0,0,0,0,0,0,0
97,259,0,0,0,0,0,0,0
96,266,0,0,0,0,0,0,0
95,270,0,0,0,0,0,0,0
94,275,0,0,0,0,0,0,0
93,285,0,0,0,0,0,0,0
92,301,0,0,0,0,0,0,0
91,317,0,0,0,0,0,0,0
90,329,0,0,0,0,0,0,0
89,333,0,0,0,0,0,0,0
88,351,0,0,0,0,0,0,0
87,376,0,0,0,0,0,0,0
86,407,0,0,0,0,0,0,0
85,431,0,0,0,0,0,0,0
84,458,0,0,0,0,0,0,0
83,482,0,0,0,0,0,0,0
82,507,0,0,0,0,0,0,0
81,544,0,0,0,0,0,0,0
80,575,0,0,0,0,0,0,0
79,610,0,0,0,0,0,0,0
78,646,0,0,0,0,0,0,0
77,686,0,0,0,0,0,0,0
76,723,0,0,0,0,0,0,0
75,760,0,0,0,0,0,0,0
74,795,0,0,0,0,0,0,0
73,820,0,0,0,0,0,0,0
72,840,0,0,0,0,0,0,0
71,848,0,0,0,0,0,0,0
70,848,0,0,0,0,0,0,0
69,840,0,0,0,0,0,0,0
68,822,0,0,0,0,0,0,0
67,794,0,0,0,0,0,0,0
66,759,0,0,0,0,0,0,0
65,721,0,0,0,0,0,0,0
64,674,0,0,0,0,0,0,0
63,631,0,0,0,0,0,0,0
62,593,0,0,0,0,0,0,0
61,564,0,0,0,0,0,0,0
60,537,0,0,0,0,0,0,0
59,493,0,0,0,0,0,0,0
58,459,0,0,0,0,0,0,0
57,428,0,0,0,0,0,0,0
56,408,0,0,0,0,0,0,0
55,385,0,0,0,0,0,0,0
54,368,0,0,0,0,0,0,0
53,345,0,0,0,0,0,0,0
52,326,0,0,0,0,0,0,0
51,306,0,0,0,0,0,0,0
50,295,0,0,0,0,0,0,0
49,283,0,0,0,0,0,0,0
48,276,0,0,0,0,0,0,0
47,256,0,0,0,0,0,0,0
46,246,0,0,0,0,0,0,0
45,229,0,0,0,0,0,0,0
44,220,0,0,0,0,0,0,0
43,215,0,0,0,0,0,0,0
42,206,0,0,0,0,0,0,0
41,199,0,0,0,0,0,0,0
40,191,0,0,0,0,0,0,0
39,187,0,0,0,0,0,0,0
38,181,0,0,0,0,0,0,0
37,178,0,0,0,0,0,0,0
36,172,0,0,0,0,0,0,0
35,166,0,0,0,0,0,0,0
34,161,0,0,0,0,0,0,0
33,156,0,0,0,0,0,0,0
32,151,0,0,0,0,0,0,0
31,148,0,0,0,0,0,0,0
30,142,0,0,0,0,0,0,0
29,138,0,0,0,0,0,0,0
28,135,0,0,0,0,0,0,0
27,133,0,0,0,0,0,0,0
26,124,0,0,0,0,0,0,0
25,122,0,0,0,0,0,0,0
24,119,0,0,0,0,0,0,0
23,116,0,0,0,0,0,0,0
22,119,0,0,0,0,0,0,0
21,115,0,0,0,0,0,0,0
20,114,0,0,0,0,0,0,0
19,114,0,0,0,0,0,0,0
18,115,0,0,0,0,0,0,0
17,115,0,0,0,0,0,0,0
16,110,0,0,0,0,0,0,0
15,105,0,0,0,0,0,0,0
14,105,0,0,0,0,0,0,0
13,106,0,0,0,0,0,0,0
12,102,0,0,0,0,0,0,0
11,102,0,0,0,0,0,0,0
10,99,0,0,0,0,0,0,0
9,103,0,0,0,0,0,0,0
8,104,0,0,0,0,0,0,0
7,103,0,0,0,0,0,0,0
6,104,0,0,0,0,0,0,0
5,106,0,0,0,0,0,0,0
4,102,0,0,0,0,0,0,0
3,101,0,0,0,0,0,0,0
2,99,0,0,0,0,0,0,0
1,102,0,0,0,0,0,0,0
0,101,0,0,0,0,0,0,0
1,101,0,0,0,0,0,0,0
2,101,0,0,0,0,0,0,0
3,104,0,0,0,0,0,0,0
4,99,0,0,0,0,0,0,0
5,102,0,0,0,0,0,0,0
6,101,0,0,0,0,0,0,0
7,101,0,0,0,0,0,0,0
8,103,0,0,0,0,0,0,0
9,102,0,0,0,0,0,0,0
10,101,0,0,0,0,0,0,0
11,105,0,0,0,0,0,0,0
12,103,0,0,0,0,0,0,0
13,106,0,0,0,0,0,0,0
14,102,0,0,0,0,0,0,0
15,100,0,0,0,0,0,0,0
16,103,0,0,0,0,0,0,0
17,101,0,0,0,0,0,0,0
18,102,0,0,0,0,0,0,0
19,103,0,0,0,0,0,0,0
20,105,0,0,0,0,0,0,0
21,111,0,0,0,0,0,0,0
22,111,0,0,0,0,0,0,0
23,117,0,0,0,0,0,0,0
24,112,0,0,0,0,0,0,0
25,114,0,0,0,0,0,0,0
26,112,0,0,0,0,0,0,0
27,112,0,0,0,0,0,0,0
28,113,0,0,0,0,0,0,0
29,113,0,0,0,0,0,0,0
30,116,0,0,0,0,0,0,0
31,119,0,0,0,0,0,0,0
32,120,0,0,0,0,0,0,0
33,126,0,0,0,0,0,0,0
34,123,0,0,0,0,0,0,0
35,135,0,0,0,0,0,0,0
36,142,0,0,0,0,0,0,0
37,145,0,0,0,0,0,0,0
38,153,0,0,0,0,0,0,0
39,155,0,0,0,0,0,0,0
40,161,0,0,0,0,0,0,0
41,163,0,0,0,0,0,0,0
42,170,0,0,0,0,0,0,0
43,175,0,0,0,0,0,0,0
44,180,0,0,0,0,0,0,0
45,187,0,0,0,0,0,0,0
46,189,0,0,0,0,0,0,0
47,201,0,0,0,0,0,0,0
48,203,0,0,0,0,0,0,0
49,208,0,0,0,0,0,0,0
50,219,0,0,0,0,0,0,0
51,226,0,0,0,0,0,0,0
52,237,0,0,0,0,0,0,0
53,250,0,0,0,0,0,0,0
54,261,0,0,0,0,0,0,0
55,279,0,0,0,0,0,0,0
56,293,0,0,0,0,0,0,0
57,304,0,0,0,0,0,0,0
58,317,0,0,0,0,0,0,0
59,331,0,0,0,0,0,0,0
60,355,0,0,0,0,0,0,0
61,372,0,0,0,0,0,0,0
62,391,0,0,0,0,0,0,0
63,409,0,0,0,0,0,0,0
64,428,0,0,0,0,0,0,0
65,458,0,0,0,0,0,0,0
66,483,0,0,0,0,0,0,0
67,513,0,0,0,0,0,0,0
68,560,0,0,0,0,0,0,0
69,592,0,0,0,0,0,0,0
70,628,0,0,0,0,0,0,0
71,667,0,0,0,0,0,0,0
72,704,0,0,0,0,0,0,0
73,743,0,0,0,0,0,0,0
74,776,0,0,0,0,0,0,0
75,806,0,0,0,0,0,0,0
76,827,0,0,0,0,0,0,0
77,843,0,0,0,0,0,0,0
78,851,0,0,0,0,0,0,0
79,844,0,0,0,0,0,0,0
80,830,0,0,0,0,0,0,0
81,804,0,0,0,0,0,0,0
82,771,0,0,0,0,0,0,0
83,733,0,0,0,0,0,0,0
84,685,0,0,0,0,0,0,0
85,640,0,0,0,0,0,0,0
86,602,0,0,0,0,0,0,0
87,560,0,0,0,0,0,0,0
88,525,0,0,0,0,0,0,0
89,487,0,0,0,0,0,0,0
90,454,0,0,0,0,0,0,0
91,425,0,0,0,0,0,0,0
92,401,0,0,0,0,0,0,0
93,379,0,0,0,0,0,0,0
94,355,0,0,0,0,0,0,0
95,331,0,0,0,0,0,0,0
96,318,0,0,0,0,0,0,0
97,308,0,0,0,0,0,0,0
98,294,0,0,0,0,0,0,0
99,283,0,0,0,0,0,0,0
100,273,0,0,0,0,0,0,0
101,266,0,0,0,0,0,0,0
102,262,0,0,0,0,0,0,0
103,257,0,0,0,0,0,0,0
104,246,0,0,0,0,0,0,0
105,241,0,0,0,0,0,0,0
106,233,0,0,0,0,0,0,0
107,229,0,0,0,0,0,0,0
108,224,0,0,0,0,0,0,0
109,219,0,0,0,0,0,0,0
110,214,0,0,0,0,0,0,0
111,210,0,0,0,0,0,0,0
112,203,0,0,0,0,0,0,0
113,200,0,0,0,0,0,0,0
114,193,0,0,0,0,0,0,0
115,192,0,0,0,0,0,0,0
116,183,0,0,0,0,0,0,0
117,183,0,0,0,0,0,0,0
118,178,0,0,0,0,0,0,0
119,174,0,0,0,0,0,0,0
120,171,0,0,0,0,0,0,0
121,168,0,0,0,0,0,0,0
122,165,0,0,0,0,0,0,0
123,160,0,0,0,0,0,0,0
124,159,0,0,0,0,0,0,0
125,155,0,0,0,0,0,0,0
126,150,0,0,0,0,0,0,0
127,149,0,0,0,0,0,0,0
128,144,0,0,0,0,0,0,0
129,140,0,0,0,0,0,0,0
130,135,0,0,0,0,0,0,0
131,133,0,0,0,0,0,0,0
132,133,0,0,0,0,0,0,0
133,129,0,0,0,0,0,0,0
134,132,0,0,0,0,0,0,0
135,125,0,0,0,0,0,0,0
136,123,0,0,0,0,0,0,0
137,123,0,0,0,0,0,0,0
138,119,0,0,0,0,0,0,0
139,119,0,0,0,0,0,0,0
140,116,0,0,0,0,0,0,0
141,118,0,0,0,0,0,0,0
142,115,0,0,0,0,0,0,0
143,112,0,0,0,0,0,0,0
144,112,0,0,0,0,0,0,0
145,112,0,0,0,0,0,0,0
146,112,0,0,0,0,0,0,0
147,116,0,0,0,0,0,0,0
148,112,0,0,0,0,0,0,0
149,114,0,0,0,0,0,0,0
150,112,0,0,0,0,0,0,0
151,109,0,0,0,0,0,0,0
152,110,0,0,0,0,0,0,0
153,110,0,0,0,0,0,0,0
154,107,0,0,0,0,0,0,0
155,108,0,0,0,0,0,0,0
156,103,0,0,0,0,0,0,0
157,104,0,0,0,0,0,0,0
158,103,0,0,0,0,0,0,0
159,103,0,0,0,0,0,0,0
160,104,0,0,0,0,0,0,0
161,103,0,0,0,0,0,0,0
162,102,0,0,0,0,0,0,0
163,105,0,0,0,0,0,0,0
164,101,0,0,0,0,0,0,0
165,102,0,0,0,0,0,0,0
166,100,0,0,0,0,0,0,0
167,100,0,0,0,0,0,0,0
168,103,0,0,0,0,0,0,0
169,111,0,0,0,0,0,0,0
170,103,0,0,0,0,0,0,0
171,92,0,0,0,0,0,0,0
172,93,0,0,0,0,0,0,0
173,94,0,0,0,0,0,0,0
174,91,0,0,0,0,0,0,0
175,97,0,0,0,0,0,0,0
176,83,0,0,0,0,0,0,0
177,97,0,0,0,0,0,0,0
178,92,0,0,0,0,0,0,0
179,94,0,0,0,0,0,0,0
180,93,0,0,0,0,0,0,0
179,96,0,0,0,0,0,0,0
178,93,0,0,0,0,0,0,0
177,93,0,0,0,0,0,0,0
176,96,0,0,0,0,0,0,0
175,89,0,0,0,0,0,0,0
174,91,0,0,0,0,0,0,0
173,89,0,0,0,0,0,0,0
172,91,0,0,0,0,0,0,0
171,90,0,0,0,0,0,0,0
170,94,0,0,0,0,0,0,0
169,91,0,0,0,0,0,0,0
168,92,0,0,0,0,0,0,0
167,96,0,0,0,0,0,0,0
166,93,0,0,0,0,0,0,0
165,94,0,0,0,0,0,0,0
164,99,0,0,0,0,0,0,0
163,99,0,0,0,0,0,0,0
162,100,0,0,0,0,0,0,0
161,103,0,0,0,0,0,0,0
160,100,0,0,0,0,0,0,0
159,102,0,0,0,0,0,0,0
158,101,0,0,0,0,0,0,0
157,103,0,0,0,0,0,0,0
156,100,0,0,0,0,0,0,0
155,103,0,0,0,0,0,0,0
154,101,0,0,0,0,0,0,0
153,107,0,0,0,0,0,0,0
152,104,0,0,0,0,0,0,0
151,107,0,0,0,0,0,0,0
150,107,0,0,0,0,0,0,0
149,108,0,0,0,0,0,0,0
148,111,0,0,0,0,0,0,0
147,108,0,0,0,0,0,0,0
146,111,0,0,0,0,0,0,0
145,111,0,0,0,0,0,0,0
144,113,0,0,0,0,0,0,0
143,112,0,0,0,0,0,0,0
142,117,0,0,0,0,0,0,0
141,112,0,0,0,0,0,0,0
140,112,0,0,0,0,0,0,0
139,114,0,0,0,0,0,0,0
138,112,0,0,0,0,0,0,0
137,118,0,0,0,0,0,0,0
136,116,0,0,0,0,0,0,0
135,117,0,0,0,0,0,0,0
134,116,0,0,0,0,0,0,0
133,120,0,0,0,0,0,0,0
132,120,0,0,0,0,0,0,0
131,122,0,0,0,0,0,0,0
130,124,0,0,0,0,0,0,0
129,131,0,0,0,0,0,0,0
128,127,0,0,0,0,0,0,0
127,131,0,0,0,0,0,0,0
126,132,0,0,0,0,0,0,0
125,135,0,0,0,0,0,0,0
124,138,0,0,0,0,0,0,0
123,143,0,0,0,0,0,0,0
122,145,0,0,0,0,0,0,0
121,151,0,0,0,0,0,0,0
120,152,0,0,0,0,0,0,0
119,159,0,0,0,0,0,0,0
118,157,0,0,0,0,0,0,0
117,165,0,0,0,0,0,0,0
116,164,0,0,0,0,0,0,0
115,173,0,0,0,0,0,0,0
114,171,0,0,0,0,0,0,0
113,175,0,0,0,0,0,0,0
112,180,0,0,0,0,0,0,0
111,185,0,0,0,0,0,0,0
110,187,0,0,0,0,0,0,0
109,193,0,0,0,0,0,0,0
108,199,0,0,0,0,0,0,0
107,201,0,0,0,0,0,0,0
106,207,0,0,0,0,0,0,0
105,212,0,0,0,0,0,0,0
104,217,0,0,0,0,0,0,0
103,221,0,0,0,0,0,0,0
102,231,0,0,0,0,0,0,0
101,233,0,0,0,0,0,0,0
100,238,0,0,0,0,0,0,0
99,243,0,0,0,0,0,0,0
98,246,0,0,0,0,0,0,0
97,256,0,0,0,0,0,0,0
96,262,0,0,0,0,0,0,0
95,268,0,0,0,0,0,0,0
94,274,0,0,0,0,0,0,0
93,283,0,0,0,0,0,0,0
92,298,0,0,0,0,0,0,0
91,313,0,0,0,0,0,0,0
90,325,0,0,0,0,0,0,0
89,333,0,0,0,0,0,0,0
88,353,0,0,0,0,0,0,0
87,372,0,0,0,0,0,0,0
86,401,0,0,0,0,0,0,0
85,425,0,0,0,0,0,0,0
84,451,0,0,0,0,0,0,0
83,475,0,0,0,0,0,0,0
82,499,0,0,0,0,0,0,0
81,534,0,0,0,0,0,0,0
80,570,0,0,0,0,0,0,0
79,605,0,0,0,0,0,0,0
78,646,0,0,0,0,0,0,0
77,681,0,0,0,0,0,0,0
76,720,0,0,0,0,0,0,0
75,754,0,0,0,0,0,0,0
74,791,0,0,0,0,0,0,0
73,817,0,0,0,0,0,0,0
72,837,0,0,0,0,0,0,0
71,848,0,0,0,0,0,0,0
70,848,0,0,0,0,0,0,0
69,842,0,0,0,0,0,0,0
68,823,0,0,0,0,0,0,0
67,800,0,0,0,0,0,0,0
66,762,0,0,0,0,0,0,0
65,723,0,0,0,0,0,0,0
64,680,0,0,0,0,0,0,0
63,632,0,0,0,0,0,0,0
62,592,0,0,0,0,0,0,0
61,557,0,0,0,0,0,0,0
60,520,0,0,0,0,0,0,0
59,476,0,0,0,0,0,0,0
58,446,0,0,0,0,0,0,0
57,420,0,0,0,0,0,0,0
56,397,0,0,0,0,0,0,0
55,378,0,0,0,0,0,0,0
54,362,0,0,0,0,0,0,0
53,351,0,0,0,0,0,0,0
52,321,0,0,0,0,0,0,0
51,306,0,0,0,0,0,0,0
50,289,0,0,0,0,0,0,0
49,282,0,0,0,0,0,0,0
48,265,0,0,0,0,0,0,0
47,255,0,0,0,0,0,0,0
46,237,0,0,0,0,0,0,0
45,227,0,0,0,0,0,0,0
44,216,0,0,0,0,0,0,0
43,208,0,0,0,0,0,0,0
42,202,0,0,0,0,0,0,0
41,196,0,0,0,0,0,0,0
40,188,0,0,0,0,0,0,0
39,183,0,0,0,0,0,0,0
38,179,0,0,0,0,0,0,0
37,174,0,0,0,0,0,0,0
36,169,0,0,0,0,0,0,0
35,164,0,0,0,0,0,0,0
34,160,0,0,0,0,0,0,0
33,154,0,0,0,0,0,0,0
32,147,0,0,0,0,0,0,0
31,147,0,0,0,0,0,0,0
30,139,0,0,0,0,0,0,0
29,136,0,0,0,0,0,0,0
28,132,0,0,0,0,0,0,0
27,132,0,0,0,0,0,0,0
26,125,0,0,0,0,0,0,0
25,122,0,0,0,0,0,0,0
24,121,0,0,0,0,0,0,0
23,116,0,0,0,0,0,0,0
22,115,0,0,0,0,0,0,0
21,112,0,0,0,0,0,0,0
20,117,0,0,0,0,0,0,0
19,113,0,0,0,0,0,0,0
18,113,0,0,0,0,0,0,0
17,107,0,0,0,0,0,0,0
16,110,0,0,0,0,0,0,0
15,106,0,0,0,0,0,0,0
14,104,0,0,0,0,0,0,0
13,105,0,0,0,0,0,0,0
12,100,0,0,0,0,0,0,0
11,101,0,0,0,0,0,0,0
10,100,0,0,0,0,0,0,0
9,103,0,0,0,0,0,0,0
8,101,0,0,0,0,0,0,0
7,104,0,0,0,0,0,0,0
6,101,0,0,0,0,0,0,0
5,104,0,0,0,0,0,0,0
4,99,0,0,0,0,0,0,0
3,100,0,0,0,0,0,0,0
2,99,0,0,0,0,0,0,0
1,100,0,0,0,0,0,0,0
0,101,0,0,0,0,0,0,0
1,100,0,0,0,0,0,0,0
2,101,0,0,0,0,0,0,0
3,99,0,0,0,0,0,0,0
4,100,0,0,0,0,0,0,0
5,99,0,0,0,0,0,0,0
6,100,0,0,0,0,0,0,0
7,101,0,0,0,0,0,0,0
8,101,0,0,0,0,0,0,0
9,101,0,0,0,0,0,0,0
10,102,0,0,0,0,0,0,0
11,99,0,0,0,0,0,0,0
12,100,0,0,0,0,0,0,0
13,107,0,0,0,0,0,0,0
14,100,0,0,0,0,0,0,0
15,107,0,0,0,0,0,0,0
16,100,0,0,0,0,0,0,0
17,100,0,0,0,0,0,0,0
18,102,0,0,0,0,0,0,0
19,108,0,0,0,0,0,0,0
20,107,0,0,0,0,0,0,0
21,110,0,0,0,0,0,0,0
22,110,0,0,0,0,0,0,0
23,112,0,0,0,0,0,0,0
24,115,0,0,0,0,0,0,0
25,112,0,0,0,0,0,0,0
26,114,0,0,0,0,0,0,0
27,112,0,0,0,0,0,0,0
28,113,0,0,0,0,0,0,0
29,113,0,0,0,0,0,0,0
30,120,0,0,0,0,0,0,0
31,124,0,0,0,0,0,0,0
32,124,0,0,0,0,0,0,0
33,131,0,0,0,0,0,0,0
34,133,0,0,0,0,0,0,0
35,140,0,0,0,0,0,0,0
36,143,0,0,0,0,0,0,0
37,148,0,0,0,0,0,0,0
38,152,0,0,0,0,0,0,0
39,158,0,0,0,0,0,0,0
40,161,0,0,0,0,0,0,0
41,166,0,0,0,0,0,0,0
42,172,0,0,0,0,0,0,0
43,176,0,0,0,0,0,0,0
44,180,0,0,0,0,0,0,0
45,185,0,0,0,0,0,0,0
46,188,0,0,0,0,0,0,0
47,197,0,0,0,0,0,0,0
48,205,0,0,0,0,0,0,0
49,210,0,0,0,0,0,0,0
50,219,0,0,0,0,0,0,0
51,226,0,0,0,0,0,0,0
52,238,0,0,0,0,0,0,0
53,249,0,0,0,0,0,0,0
54,268,0,0,0,0,0,0,0
55,278,0,0,0,0,0,0,0
56,292,0,0,0,0,0,0,0
57,304,0,0,0,0,0,0,0
58,319,0,0,0,0,0,0,0
59,331,0,0,0,0,0,0,0
60,352,0,0,0,0,0,0,0
61,373,0,0,0,0,0,0,0
62,389,0,0,0,0,0,0,0
63,407,0,0,0,0,0,0,0
64,431,0,0,0,0,0,0,0
65,453,0,0,0,0,0,0,0
66,479,0,0,0,0,0,0,0
67,508,0,0,0,0,0,0,0
68,554,0,0,0,0,0,0,0
69,588,0,0,0,0,0,0,0
70,622,0,0,0,0,0,0,0
71,661,0,0,0,0,0,0,0
72,698,0,0,0,0,0,0,0
73,734,0,0,0,0,0,0,0
74,767,0,0,0,0,0,0,0
75,800,0,0,0,0,0,0,0
76,823,0,0,0,0,0,0,0
77,848,0,0,0,0,0,0,0
78,849,0,0,0,0,0,0,0
79,849,0,0,0,0,0,0,0
80,835,0,0,0,0,0,0,0
81,811,0,0,0,0,0,0,0
82,779,0,0,0,0,0,0,0
83,738,0,0,0,0,0,0,0
84,691,0,0,0,0,0,0,0
85,653,0,0,0,0,0,0,0
86,610,0,0,0,0,0,0,0
87,571,0,0,0,0,0,0,0
88,534,0,0,0,0,0,0,0
89,501,0,0,0,0,0,0,0
90,464,0,0,0,0,0,0,0
91,434,0,0,0,0,0,0,0
92,411,0,0,0,0,0,0,0
93,386,0,0,0,0,0,0,0
94,361,0,0,0,0,0,0,0
95,337,0,0,0,0,0,0,0
96,322,0,0,0,0,0,0,0
97,309,0,0,0,0,0,0,0
98,298,0,0,0,0,0,0,0
99,285,0,0,0,0,0,0,0
100,276,0,0,0,0,0,0,0
101,267,0,0,0,0,0,0,0
102,262,0,0,0,0,0,0,0
103,256,0,0,0,0,0,0,0
104,250,0,0,0,0,0,0,0
105,243,0,0,0,0,0,0,0
106,236,0,0,0,0,0,0,0
107,231,0,0,0,0,0,0,0
108,225,0,0,0,0,0,0,0
109,225,0,0,0,0,0,0,0
110,216,0,0,0,0,0,0,0
111,211,0,0,0,0,0,0,0
112,204,0,0,0,0,0,0,0
113,199,0,0,0,0,0,0,0
114,195,0,0,0,0,0,0,0
115,189,0,0,0,0,0,0,0
116,186,0,0,0,0,0,0,0
117,184,0,0,0,0,0,0,0
118,179,0,0,0,0,0,0,0
119,178,0,0,0,0,0,0,0
120,220,0,0,0,0,0,0,0
121,171,0,0,0,0,0,0,0
122,161,0,0,0,0,0,0,0
123,175,0,0,0,0,0,0,0
124,160,0,0,0,0,0,0,0
125,156,0,0,0,0,0,0,0
126,167,0,0,0,0,0,0,0
127,154,0,0,0,0,0,0,0
128,145,0,0,0,0,0,0,0
129,142,0,0,0,0,0,0,0
130,143,0,0,0,0,0,0,0
131,136,0,0,0,0,0,0,0
132,137,0,0,0,0,0,0,0
133,129,0,0,0,0,0,0,0
134,129,0,0,0,0,0,0,0
135,131,0,0,0,0,0,0,0
136,128,0,0,0,0,0,0,0
137,121,0,0,0,0,0,0,0
138,122,0,0,0,0,0,0,0
139,118,0,0,0,0,0,0,0
140,118,0,0,0,0,0,0,0
141,115,0,0,0,0,0,0,0
142,120,0,0,0,0,0,0,0
143,115,0,0,0,0,0,0,0
144,114,0,0,0,0,0,0,0
145,115,0,0,0,0,0,0,0
146,112,0,0,0,0,0,0,0
147,113,0,0,0,0,0,0,0
148,112,0,0,0,0,0,0,0
149,117,0,0,0,0,0,0,0
150,112,0,0,0,0,0,0,0
151,116,0,0,0,0,0,0,0
152,113,0,0,0,0,0,0,0
153,120,0,0,0,0,0,0,0
154,112,0,0,0,0,0,0,0
155,104,0,0,0,0,0,0,0
156,108,0,0,0,0,0,0,0
157,106,0,0,0,0,0,0,0
158,104,0,0,0,0,0,0,0
159,106,0,0,0,0,0,0,0
160,104,0,0,0,0,0,0,0
161,107,0,0,0,0,0,0,0
162,104,0,0,0,0,0,0,0
163,107,0,0,0,0,0,0,0
164,92,0,0,0,0,0,0,0
165,102,0,0,0,0,0,0,0
166,102,0,0,0,0,0,0,0
167,111,0,0,0,0,0,0,0
168,99,0,0,0,0,0,0,0
169,108,0,0,0,0,0,0,0
170,104,0,0,0,0,0,0,0
171,110,0,0,0,0,0,0,0
172,96,0,0,0,0,0,0,0
173,94,0,0,0,0,0,0,0
174,92,0,0,0,0,0,0,0
175,93,0,0,0,0,0,0,0
176,103,0,0,0,0,0,0,0
177,97,0,0,0,0,0,0,0
178,97,0,0,0,0,0,0,0
179,81,0,0,0,0,0,0,0
180,89,0,0,0,0,0,0,0
179,92,0,0,0,0,0,0,0
178,103,0,0,0,0,0,0,0
177,97,0,0,0,0,0,0,0
176,93,0,0,0,0,0,0,0
175,111,0,0,0,0,0,0,0
174,91,0,0,0,0,0,0,0
173,88,0,0,0,0,0,0,0
172,90,0,0,0,0,0,0,0
171,89,0,0,0,0,0,0,0
170,94,0,0,0,0,0,0,0
169,94,0,0,0,0,0,0,0
168,92,0,0,0,0,0,0,0
167,95,0,0,0,0,0,0,0
166,93,0,0,0,0,0,0,0
165,101,0,0,0,0,0,0,0
164,97,0,0,0,0,0,0,0
163,100,0,0,0,0,0,0,0
162,102,0,0,0,0,0,0,0
161,100,0,0,0,0,0,0,0
160,103,0,0,0,0,0,0,0
159,105,0,0,0,0,0,0,0
158,99,0,0,0,0,0,0,0
157,103,0,0,0,0,0,0,0
156,97,0,0,0,0,0,0,0
155,105,0,0,0,0,0,0,0
154,101,0,0,0,0,0,0,0
153,104,0,0,0,0,0,0,0
152,104,0,0,0,0,0,0,0
151,104,0,0,0,0,0,0,0
150,105,0,0,0,0,0,0,0
149,108,0,0,0,0,0,0,0
148,109,0,0,0,0,0,0,0
147,109,0,0,0,0,0,0,0
146,111,0,0,0,0,0,0,0
145,112,0,0,0,0,0,0,0
144,114,0,0,0,0,0,0,0
143,113,0,0,0,0,0,0,0
142,112,0,0,0,0,0,0,0
141,115,0,0,0,0,0,0,0
140,112,0,0,0,0,0,0,0
139,113,0,0,0,0,0,0,0
138,112,0,0,0,0,0,0,0
137,112,0,0,0,0,0,0,0
136,118,0,0,0,0,0,0,0
135,119,0,0,0,0,0,0,0
134,116,0,0,0,0,0,0,0
133,120,0,0,0,0,0,0,0
132,120,0,0,0,0,0,0,0
131,122,0,0,0,0,0,0,0
130,124,0,0,0,0,0,0,0
129,135,0,0,0,0,0,0,0
128,130,0,0,0,0,0,0,0
127,130,0,0,0,0,0,0,0
126,135,0,0,0,0,0,0,0
125,136,0,0,0,0,0,0,0
124,141,0,0,0,0,0,0,0
123,142,0,0,0,0,0,0,0
122,150,0,0,0,0,0,0,0
121,145,0,0,0,0,0,0,0
120,152,0,0,0,0,0,0,0
119,161,0,0,0,0,0,0,0
118,144,0,0,0,0,0,0,0
117,164,0,0,0,0,0,0,0
116,169,0,0,0,0,0,0,0
115,171,0,0,0,0,0,0,0
114,169,0,0,0,0,0,0,0
113,190,0,0,0,0,0,0,0
112,180,0,0,0,0,0,0,0
111,184,0,0,0,0,0,0,0
110,188,0,0,0,0,0,0,0
109,192,0,0,0,0,0,0,0
108,199,0,0,0,0,0,0,0
107,200,0,0,0,0,0,0,0
106,211,0,0,0,0,0,0,0
105,211,0,0,0,0,0,0,0
104,218,0,0,0,0,0,0,0
103,222,0,0,0,0,0,0,0
102,229,0,0,0,0,0,0,0
101,232,0,0,0,0,0,0,0
100,236,0,0,0,0,0,0,0
99,238,0,0,0,0,0,0,0
98,244,0,0,0,0,0,0,0
97,249,0,0,0,0,0,0,0
96,260,0,0,0,0,0,0,0
95,270,0,0,0,0,0,0,0
94,272,0,0,0,0,0,0,0
93,284,0,0,0,0,0,0,0
92,291,0,0,0,0,0,0,0
91,308,0,0,0,0,0,0,0
90,320,0,0,0,0,0,0,0
89,314,0,0,0,0,0,0,0
88,343,0,0,0,0,0,0,0
87,375,0,0,0,0,0,0,0
86,398,0,0,0,0,0,0,0
85,416,0,0,0,0,0,0,0
84,450,0,0,0,0,0,0,0
83,473,0,0,0,0,0,0,0
82,495,0,0,0,0,0,0,0
81,530,0,0,0,0,0,0,0
80,563,0,0,0,0,0,0,0
79,594,0,0,0,0,0,0,0
78,635,0,0,0,0,0,0,0
77,671,0,0,0,0,0,0,0
76,712,0,0,0,0,0,0,0
75,744,0,0,0,0,0,0,0
74,783,0,0,0,0,0,0,0
73,810,0,0,0,0,0,0,0
72,835,0,0,0,0,0,0,0
71,842,0,0,0,0,0,0,0
70,848,0,0,0,0,0,0,0
69,842,0,0,0,0,0,0,0
68,832,0,0,0,0,0,0,0
67,804,0,0,0,0,0,0,0
66,777,0,0,0,0,0,0,0
65,727,0,0,0,0,0,0,0
64,700,0,0,0,0,0,0,0
63,649,0,0,0,0,0,0,0
62,607,0,0,0,0,0,0,0
61,566,0,0,0,0,0,0,0
60,529,0,0,0,0,0,0,0
59,485,0,0,0,0,0,0,0
58,454,0,0,0,0,0,0,0
57,427,0,0,0,0,0,0,0
56,404,0,0,0,0,0,0,0
55,384,0,0,0,0,0,0,0
54,367,0,0,0,0,0,0,0
53,351,0,0,0,0,0,0,0
52,324,0,0,0,0,0,0,0
51,306,0,0,0,0,0,0,0
50,295,0,0,0,0,0,0,0
49,284,0,0,0,0,0,0,0
48,270,0,0,0,0,0,0,0
47,257,0,0,0,0,0,0,0
46,245,0,0,0,0,0,0,0
45,229,0,0,0,0,0,0,0
44,220,0,0,0,0,0,0,0
43,212,0,0,0,0,0,0,0
42,204,0,0,0,0,0,0,0
41,198,0,0,0,0,0,0,0
40,190,0,0,0,0,0,0,0
39,187,0,0,0,0,0,0,0
38,180,0,0,0,0,0,0,0
37,178,0,0,0,0,0,0,0
36,175,0,0,0,0,0,0,0
35,167,0,0,0,0,0,0,0
34,164,0,0,0,0,0,0,0
33,153,0,0,0,0,0,0,0
32,154,0,0,0,0,0,0,0
31,145,0,0,0,0,0,0,0
30,142,0,0,0,0,0,0,0
29,138,0,0,0,0,0,0,0
28,136,0,0,0,0,0,0,0
27,129,0,0,0,0,0,0,0
26,128,0,0,0,0,0,0,0
25,121,0,0,0,0,0,0,0
24,122,0,0,0,0,0,0,0
23,116,0,0,0,0,0,0,0
22,114,0,0,0,0,0,0,0
21,114,0,0,0,0,0,0,0
20,116,0,0,0,0,0,0,0
19,112,0,0,0,0,0,0,0
18,116,0,0,0,0,0,0,0
17,112,0,0,0,0,0,0,0
16,111,0,0,0,0,0,0,0
15,106,0,0,0,0,0,0,0
14,103,0,0,0,0,0,0,0
13,102,0,0,0,0,0,0,0
12,102,0,0,0,0,0,0,0
11,99,0,0,0,0,0,0,0
10,106,0,0,0,0,0,0,0
9,101,0,0,0,0,0,0,0
8,101,0,0,0,0,0,0,0
7,103,0,0,0,0,0,0,0
6,103,0,0,0,0,0,0,0
5,104,0,0,0,0,0,0,0
4,99,0,0,0,0,0,0,0
3,103,0,0,0,0,0,0,0
2,100,0,0,0,0,0,0,0
1,99,0,0,0,0,0,0,0
0,100,0,0,0,0,0,0,0
1,101,0,0,0,0,0,0,0
2,100,0,0,0,0,0,0,0
3,103,0,0,0,0,0,0,0
4,99,0,0,0,0,0,0,0
5,102,0,0,0,0,0,0,0
6,99,0,0,0,0,0,0,0
7,106,0,0,0,0,0,0,0
8,102,0,0,0,0,0,0,0
9,101,0,0,0,0,0,0,0
10,102,0,0,0,0,0,0,0
11,103,0,0,0,0,0,0,0
12,102,0,0,0,0,0,0,0
13,102,0,0,0,0,0,0,0
14,103,0,0,0,0,0,0,0
15,103,0,0,0,0,0,0,0
16,100,0,0,0,0,0,0,0
17,103,0,0,0,0,0,0,0
18,103,0,0,0,0,0,0,0
19,103,0,0,0,0,0,0,0
20,106,0,0,0,0,0,0,0
21,110,0,0,0,0,0,0,0
22,111,0,0,0,0,0,0,0
23,116,0,0,0,0,0,0,0
24,112,0,0,0,0,0,0,0
25,112,0,0,0,0,0,0,0
26,112,0,0,0,0,0,0,0
27,119,0,0,0,0,0,0,0
28,115,0,0,0,0,0,0,0
29,116,0,0,0,0,0,0,0
30,120,0,0,0,0,0,0,0
31,123,0,0,0,0,0,0,0
32,126,0,0,0,0,0,0,0
33,130,0,0,0,0,0,0,0
34,133,0,0,0,0,0,0,0
35,141,0,0,0,0,0,0,0
36,144,0,0,0,0,0,0,0
37,151,0,0,0,0,0,0,0
38,152,0,0,0,0,0,0,0
39,159,0,0,0,0,0,0,0
40,161,0,0,0,0,0,0,0
41,168,0,0,0,0,0,0,0
42,171,0,0,0,0,0,0,0
43,176,0,0,0,0,0,0,0
44,183,0,0,0,0,0,0,0
45,187,0,0,0,0,0,0,0
46,193,0,0,0,0,0,0,0
47,197,0,0,0,0,0,0,0
48,205,0,0,0,0,0,0,0
49,213,0,0,0,0,0,0,0
50,218,0,0,0,0,0,0,0
51,229,0,0,0,0,0,0,0
52,237,0,0,0,0,0,0,0
53,251,0,0,0,0,0,0,0
54,268,0,0,0,0,0,0,0
55,280,0,0,0,0,0,0,0
56,294,0,0,0,0,0,0,0
57,304,0,0,0,0,0,0,0
58,318,0,0,0,0,0,0,0
59,331,0,0,0,0,0,0,0
60,352,0,0,0,0,0,0,0
61,373,0,0,0,0,0,0,0
62,390,0,0,0,0,0,0,0
63,410,0,0,0,0,0,0,0
64,428,0,0,0,0,0,0,0
65,457,0,0,0,0,0,0,0
66,483,0,0,0,0,0,0,0
67,513,0,0,0,0,0,0,0
68,558,0,0,0,0,0,0,0
69,592,0,0,0,0,0,0,0
70,622,0,0,0,0,0,0,0
71,663,0,0,0,0,0,0,0
72,704,0,0,0,0,0,0,0
73,741,0,0,0,0,0,0,0
74,775,0,0,0,0,0,0,0
75,803,0,0,0,0,0,0,0
76,827,0,0,0,0,0,0,0
77,844,0,0,0,0,0,0,0
78,850,0,0,0,0,0,0,0
79,847,0,0,0,0,0,0,0
80,831,0,0,0,0,0,0,0
81,807,0,0,0,0,0,0,0
82,773,0,0,0,0,0,0,0
83,732,0,0,0,0,0,0,0
84,689,0,0,0,0,0,0,0
85,644,0,0,0,0,0,0,0
86,606,0,0,0,0,0,0,0
87,565,0,0,0,0,0,0,0
88,527,0,0,0,0,0,0,0
89,484,0,0,0,0,0,0,0
90,459,0,0,0,0,0,0,0
91,434,0,0,0,0,0,0,0
92,411,0,0,0,0,0,0,0
93,394,0,0,0,0,0,0,0
94,359,0,0,0,0,0,0,0
95,343,0,0,0,0,0,0,0
96,326,0,0,0,0,0,0,0
97,312,0,0,0,0,0,0,0
98,300,0,0,0,0,0,0,0
99,287,0,0,0,0,0,0,0
100,276,0,0,0,0,0,0,0
101,267,0,0,0,0,0,0,0
102,260,0,0,0,0,0,0,0
103,262,0,0,0,0,0,0,0
104,248,0,0,0,0,0,0,0
105,247,0,0,0,0,0,0,0
106,237,0,0,0,0,0,0,0
107,232,0,0,0,0,0,0,0
108,231,0,0,0,0,0,0,0
109,223,0,0,0,0,0,0,0
110,216,0,0,0,0,0,0,0
111,211,0,0,0,0,0,0,0
112,207,0,0,0,0,0,0,0
113,202,0,0,0,0,0,0,0
114,204,0,0,0,0,0,0,0
115,203,0,0,0,0,0,0,0
116,207,0,0,0,0,0,0,0
117,186,0,0,0,0,0,0,0
118,180,0,0,0,0,0,0,0
119,176,0,0,0,0,0,0,0
120,184,0,0,0,0,0,0,0
121,175,0,0,0,0,0,0,0
122,166,0,0,0,0,0,0,0
123,161,0,0,0,0,0,0,0
124,158,0,0,0,0,0,0,0
125,155,0,0,0,0,0,0,0
126,152,0,0,0,0,0,0,0
127,148,0,0,0,0,0,0,0
128,146,0,0,0,0,0,0,0
129,139,0,0,0,0,0,0,0
130,136,0,0,0,0,0,0,0
131,135,0,0,0,0,0,0,0
132,132,0,0,0,0,0,0,0
133,130,0,0,0,0,0,0,0
134,125,0,0,0,0,0,0,0
135,125,0,0,0,0,0,0,0
136,123,0,0,0,0,0,0,0
137,121,0,0,0,0,0,0,0
138,121,0,0,0,0,0,0,0
139,119,0,0,0,0,0,0,0
140,118,0,0,0,0,0,0,0
141,119,0,0,0,0,0,0,0
142,116,0,0,0,0,0,0,0
143,119,0,0,0,0,0,0,0
144,112,0,0,0,0,0,0,0
145,117,0,0,0,0,0,0,0
146,112,0,0,0,0,0,0,0
147,113,0,0,0,0,0,0,0
148,114,0,0,0,0,0,0,0
149,117,0,0,0,0,0,0,0
150,112,0,0,0,0,0,0,0
151,113,0,0,0,0,0,0,0
152,110,0,0,0,0,0,0,0
153,99,0,0,0,0,0,0,0
154,132,0,0,0,0,0,0,0
155,115,0,0,0,0,0,0,0
156,112,0,0,0,0,0,0,0
157,109,0,0,0,0,0,0,0
158,111,0,0,0,0,0,0,0
159,103,0,0,0,0,0,0,0
160,104,0,0,0,0,0,0,0
161,101,0,0,0,0,0,0,0
162,104,0,0,0,0,0,0,0
163,103,0,0,0,0,0,0,0
164,109,0,0,0,0,0,0,0
165,102,0,0,0,0,0,0,0
166,100,0,0,0,0,0,0,0
167,101,0,0,0,0,0,0,0
168,103,0,0,0,0,0,0,0
169,99,0,0,0,0,0,0,0
170,110,0,0,0,0,0,0,0
171,97,0,0,0,0,0,0,0
172,110,0,0,0,0,0,0,0
173,102,0,0,0,0,0,0,0
174,108,0,0,0,0,0,0,0
175,94,0,0,0,0,0,0,0
176,111,0,0,0,0,0,0,0
177,92,0,0,0,0,0,0,0
178,93,0,0,0,0,0,0,0
179,86,0,0,0,0,0,0,0
180,94,0,0,0,0,0,0,0
179,92,0,0,0,0,0,0,0
178,93,0,0,0,0,0,0,0
177,91,0,0,0,0,0,0,0
176,95,0,0,0,0,0,0,0
175,91,0,0,0,0,0,0,0
174,88,0,0,0,0,0,0,0
173,96,0,0,0,0,0,0,0
172,89,0,0,0,0,0,0,0
171,94,0,0,0,0,0,0,0
170,92,0,0,0,0,0,0,0
169,93,0,0,0,0,0,0,0
168,92,0,0,0,0,0,0,0
167,97,0,0,0,0,0,0,0
166,95,0,0,0,0,0,0,0
165,94,0,0,0,0,0,0,0
164,103,0,0,0,0,0,0,0
163,89,0,0,0,0,0,0,0
162,100,0,0,0,0,0,0,0
161,99,0,0,0,0,0,0,0
160,95,0,0,0,0,0,0,0
159,99,0,0,0,0,0,0,0
158,101,0,0,0,0,0,0,0
157,108,0,0,0,0,0,0,0
156,105,0,0,0,0,0,0,0
155,101,0,0,0,0,0,0,0
154,101,0,0,0,0,0,0,0
153,104,0,0,0,0,0,0,0
152,103,0,0,0,0,0,0,0
151,105,0,0,0,0,0,0,0
150,109,0,0,0,0,0,0,0
149,107,0,0,0,0,0,0,0
148,110,0,0,0,0,0,0,0
147,109,0,0,0,0,0,0,0
146,116,0,0,0,0,0,0,0
145,112,0,0,0,0,0,0,0
144,134,0,0,0,0,0,0,0
143,118,0,0,0,0,0,0,0
142,107,0,0,0,0,0,0,0
141,113,0,0,0,0,0,0,0
140,112,0,0,0,0,0,0,0
139,113,0,0,0,0,0,0,0
138,113,0,0,0,0,0,0,0
137,114,0,0,0,0,0,0,0
136,119,0,0,0,0,0,0,0
135,116,0,0,0,0,0,0,0
134,121,0,0,0,0,0,0,0
133,120,0,0,0,0,0,0,0
132,126,0,0,0,0,0,0,0
131,121,0,0,0,0,0,0,0
130,124,0,0,0,0,0,0,0
129,128,0,0,0,0,0,0,0
128,134,0,0,0,0,0,0,0
127,131,0,0,0,0,0,0,0
126,132,0,0,0,0,0,0,0
125,138,0,0,0,0,0,0,0
124,136,0,0,0,0,0,0,0
123,143,0,0,0,0,0,0,0
122,148,0,0,0,0,0,0,0
121,148,0,0,0,0,0,0,0
120,149,0,0,0,0,0,0,0
119,154,0,0,0,0,0,0,0
118,160,0,0,0,0,0,0,0
117,162,0,0,0,0,0,0,0
116,160,0,0,0,0,0,0,0
115,188,0,0,0,0,0,0,0
114,168,0,0,0,0,0,0,0
113,183,0,0,0,0,0,0,0
112,179,0,0,0,0,0,0,0
111,185,0,0,0,0,0,0,0
110,185,0,0,0,0,0,0,0
109,193,0,0,0,0,0,0,0
108,192,0,0,0,0,0,0,0
107,214,0,0,0,0,0,0,0
106,207,0,0,0,0,0,0,0
105,215,0,0,0,0,0,0,0
104,216,0,0,0,0,0,0,0
103,219,0,0,0,0,0,0,0
102,220,0,0,0,0,0,0,0
101,232,0,0,0,0,0,0,0
100,235,0,0,0,0,0,0,0
99,241,0,0,0,0,0,0,0
98,243,0,0,0,0,0,0,0
97,257,0,0,0,0,0,0,0
96,260,0,0,0,0,0,0,0
95,275,0,0,0,0,0,0,0
94,273,0,0,0,0,0,0,0
93,282,0,0,0,0,0,0,0
92,299,0,0,0,0,0,0,0
91,308,0,0,0,0,0,0,0
90,321,0,0,0,0,0,0,0
89,333,0,0,0,0,0,0,0
88,341,0,0,0,0,0,0,0
87,365,0,0,0,0,0,0,0
86,393,0,0,0,0,0,0,0
85,417,0,0,0,0,0,0,0
84,447,0,0,0,0,0,0,0
83,470,0,0,0,0,0,0,0
82,493,0,0,0,0,0,0,0
81,499,0,0,0,0,0,0,0
80,561,0,0,0,0,0,0,0
79,596,0,0,0,0,0,0,0
78,632,0,0,0,0,0,0,0
77,667,0,0,0,0,0,0,0
76,706,0,0,0,0,0,0,0
75,743,0,0,0,0,0,0,0
74,785,0,0,0,0,0,0,0
73,809,0,0,0,0,0,0,0
72,832,0,0,0,0,0,0,0
71,844,0,0,0,0,0,0,0
70,848,0,0,0,0,0,0,0
69,843,0,0,0,0,0,0,0
68,832,0,0,0,0,0,0,0
67,805,0,0,0,0,0,0,0
66,773,0,0,0,0,0,0,0
65,734,0,0,0,0,0,0,0
64,693,0,0,0,0,0,0,0
63,646,0,0,0,0,0,0,0
62,608,0,0,0,0,0,0,0
61,570,0,0,0,0,0,0,0
60,531,0,0,0,0,0,0,0
59,486,0,0,0,0,0,0,0
58,459,0,0,0,0,0,0,0
57,426,0,0,0,0,0,0,0
56,402,0,0,0,0,0,0,0
55,383,0,0,0,0,0,0,0
54,369,0,0,0,0,0,0,0
53,348,0,0,0,0,0,0,0
52,328,0,0,0,0,0,0,0
51,307,0,0,0,0,0,0,0
50,295,0,0,0,0,0,0,0
49,283,0,0,0,0,0,0,0
48,270,0,0,0,0,0,0,0
47,256,0,0,0,0,0,0,0
46,243,0,0,0,0,0,0,0
45,229,0,0,0,0,0,0,0
44,217,0,0,0,0,0,0,0
43,210,0,0,0,0,0,0,0
42,201,0,0,0,0,0,0,0
41,199,0,0,0,0,0,0,0
40,191,0,0,0,0,0,0,0
39,183,0,0,0,0,0,0,0
38,182,0,0,0,0,0,0,0
37,180,0,0,0,0,0,0,0
36,171,0,0,0,0,0,0,0
35,163,0,0,0,0,0,0,0
34,160,0,0,0,0,0,0,0
33,155,0,0,0,0,0,0,0
32,150,0,0,0,0,0,0,0
31,151,0,0,0,0,0,0,0
30,142,0,0,0,0,0,0,0
29,141,0,0,0,0,0,0,0
28,132,0,0,0,0,0,0,0
27,130,0,0,0,0,0,0,0
26,123,0,0,0,0,0,0,0
25,124,0,0,0,0,0,0,0
24,115,0,0,0,0,0,0,0
23,119,0,0,0,0,0,0,0
22,113,0,0,0,0,0,0,0
21,114,0,0,0,0,0,0,0
20,112,0,0,0,0,0,0,0
19,112,0,0,0,0,0,0,0
18,113,0,0,0,0,0,0,0
17,112,0,0,0,0,0,0,0
16,111,0,0,0,0,0,0,0
15,106,0,0,0,0,0,0,0
14,105,0,0,0,0,0,0,0
13,103,0,0,0,0,0,0,0
12,97,0,0,0,0,0,0,0
11,100,0,0,0,0,0,0,0
10,107,0,0,0,0,0,0,0
9,100,0,0,0,0,0,0,0
8,102,0,0,0,0,0,0,0
7,103,0,0,0,0,0,0,0
6,104,0,0,0,0,0,0,0
5,103,0,0,0,0,0,0,0
4,101,0,0,0,0,0,0,0
3,102,0,0,0,0,0,0,0
2,100,0,0,0,0,0,0,0
1,101,0,0,0,0,0,0,0
0,99,0,0,0,0,0,0,0
1,100,0,0,0,0,0,0,0
2,100,0,0,0,0,0,0,0
3,102,0,0,0,0,0,0,0
4,99,0,0,0,0,0,0,0
5,100,0,0,0,0,0,0,0
6,99,0,0,0,0,0,0,0
7,100,0,0,0,0,0,0,0
8,99,0,0,0,0,0,0,0
9,100,0,0,0,0,0,0,0
10,102,0,0,0,0,0,0,0
11,101,0,0,0,0,0,0,0
12,105,0,0,0,0,0,0,0
13,101,0,0,0,0,0,0,0
14,103,0,0,0,0,0,0,0
15,101,0,0,0,0,0,0,0
16,100,0,0,0,0,0,0,0
