62080,105,0,0,0,0,0,0,0
62100,110,0,0,0,0,0,0,0
62120,108,0,0,0,0,0,0,0
62140,108,0,0,0,0,0,0,0
62160,110,0,0,0,0,0,0,0
62180,128,0,0,0,0,0,0,0
62200,112,0,0,0,0,0,0,0
62220,116,0,0,0,0,0,0,0
62240,116,0,0,0,0,0,0,0
62260,132,0,0,0,0,0,0,0
62280,120,0,0,0,0,0,0,0
62300,128,0,0,0,0,0,0,0
62320,125,0,0,0,0,0,0,0
62340,129,0,0,0,0,0,0,0
62360,130,0,0,0,0,0,0,0
62380,133,0,0,0,0,0,0,0
62400,136,0,0,0,0,0,0,0
62420,138,0,0,0,0,0,0,0
62440,142,0,0,0,0,0,0,0
62460,145,0,0,0,0,0,0,0
62480,145,0,0,0,0,0,0,0
62500,158,0,0,0,0,0,0,0
62520,158,0,0,0,0,0,0,0
62540,152,0,0,0,0,0,0,0
62560,163,0,0,0,0,0,0,0
62580,171,0,0,0,0,0,0,0
62600,169,0,0,0,0,0,0,0
62620,171,0,0,0,0,0,0,0
62640,184,0,0,0,0,0,0,0
62660,190,0,0,0,0,0,0,0
62680,188,0,0,0,0,0,0,0
62700,193,0,0,0,0,0,0,0
62720,194,0,0,0,0,0,0,0
62740,200,0,0,0,0,0,0,0
62760,205,0,0,0,0,0,0,0
62780,210,0,0,0,0,0,0,0
62800,216,0,0,0,0,0,0,0
62820,219,0,0,0,0,0,0,0
62840,222,0,0,0,0,0,0,0
62860,228,0,0,0,0,0,0,0
62880,239,0,0,0,0,0,0,0
62900,245,0,0,0,0,0,0,0
62920,247,0,0,0,0,0,0,0
62940,255,0,0,0,0,0,0,0
62960,264,0,0,0,0,0,0,0
62980,276,0,0,0,0,0,0,0
63000,289,0,0,0,0,0,0,0
63020,300,0,0,0,0,0,0,0
63040,310,0,0,0,0,0,0,0
63060,324,0,0,0,0,0,0,0
63080,352,0,0,0,0,0,0,0
63100,376,0,0,0,0,0,0,0
63120,396,0,0,0,0,0,0,0
63140,426,0,0,0,0,0,0,0
63160,449,0,0,0,0,0,0,0
63180,474,0,0,0,0,0,0,0
63200,497,0,0,0,0,0,0,0
63220,543,0,0,0,0,0,0,0
63240,579,0,0,0,0,0,0,0
63260,641,0,0,0,0,0,0,0
63280,657,0,0,0,0,0,0,0
63300,705,0,0,0,0,0,0,0
63320,744,0,0,0,0,0,0,0
63340,787,0,0,0,0,0,0,0
63360,820,0,0,0,0,0,0,0
63380,823,0,0,0,0,0,0,0
63400,860,0,0,0,0,0,0,0
63420,861,0,0,0,0,0,0,0
63440,835,0,0,0,0,0,0,0
63460,832,0,0,0,0,0,0,0
63480,799,0,0,0,0,0,0,0
63500,761,0,0,0,0,0,0,0
63520,714,0,0,0,0,0,0,0
63540,668,0,0,0,0,0,0,0
63560,619,0,0,0,0,0,0,0
63580,576,0,0,0,0,0,0,0
63600,536,0,0,0,0,0,0,0
63620,486,0,0,0,0,0,0,0
63640,450,0,0,0,0,0,0,0
63660,422,0,0,0,0,0,0,0
63680,395,0,0,0,0,0,0,0
63700,373,0,0,0,0,0,0,0
63720,354,0,0,0,0,0,0,0
63740,336,0,0,0,0,0,0,0
63760,318,0,0,0,0,0,0,0
63780,296,0,0,0,0,0,0,0
63800,279,0,0,0,0,0,0,0
63820,268,0,0,0,0,0,0,0
63840,258,0,0,0,0,0,0,0
63860,245,0,0,0,0,0,0,0
63880,236,0,0,0,0,0,0,0
63900,222,0,0,0,0,0,0,0
63920,211,0,0,0,0,0,0,0
63940,201,0,0,0,0,0,0,0
63960,192,0,0,0,0,0,0,0
63980,187,0,0,0,0,0,0,0
64000,179,0,0,0,0,0,0,0
64020,175,0,0,0,0,0,0,0
64040,169,0,0,0,0,0,0,0
64060,165,0,0,0,0,0,0,0
64080,160,0,0,0,0,0,0,0
64100,156,0,0,0,0,0,0,0
64120,151,0,0,0,0,0,0,0
64140,148,0,0,0,0,0,0,0
64160,142,0,0,0,0,0,0,0
64180,137,0,0,0,0,0,0,0
64200,134,0,0,0,0,0,0,0
64220,130,0,0,0,0,0,0,0
64240,126,0,0,0,0,0,0,0
64260,123,0,0,0,0,0,0,0
64280,120,0,0,0,0,0,0,0
64300,117,0,0,0,0,0,0,0
64320,113,0,0,0,0,0,0,0
64340,111,0,0,0,0,0,0,0
64360,103,0,0,0,0,0,0,0
64380,107,0,0,0,0,0,0,0
64400,105,0,0,0,0,0,0,0
64420,105,0,0,0,0,0,0,0
64440,105,0,0,0,0,0,0,0
64460,106,0,0,0,0,0,0,0
64480,104,0,0,0,0,0,0,0
64500,102,0,0,0,0,0,0,0
64520,98,0,0,0,0,0,0,0
64540,97,0,0,0,0,0,0,0
64560,95,0,0,0,0,0,0,0
64580,94,0,0,0,0,0,0,0
64600,93,0,0,0,0,0,0,0
64620,94,0,0,0,0,0,0,0
64640,94,0,0,0,0,0,0,0
64660,95,0,0,0,0,0,0,0
64680,95,0,0,0,0,0,0,0
64700,97,0,0,0,0,0,0,0
64720,96,0,0,0,0,0,0,0
64740,96,0,0,0,0,0,0,0
64760,95,0,0,0,0,0,0,0
64780,95,0,0,0,0,0,0,0
64800,94,0,0,0,0,0,0,0
64820,94,0,0,0,0,0,0,0
64840,94,0,0,0,0,0,0,0
64860,94,0,0,0,0,0,0,0
64880,97,0,0,0,0,0,0,0
64900,94,0,0,0,0,0,0,0
64920,95,0,0,0,0,0,0,0
64940,94,0,0,0,0,0,0,0
64960,95,0,0,0,0,0,0,0
64980,95,0,0,0,0,0,0,0
65000,95,0,0,0,0,0,0,0
65020,96,0,0,0,0,0,0,0
65040,96,0,0,0,0,0,0,0
65060,95,0,0,0,0,0,0,0
65080,94,0,0,0,0,0,0,0
65100,94,0,0,0,0,0,0,0
65120,93,0,0,0,0,0,0,0
65140,93,0,0,0,0,0,0,0
65160,94,0,0,0,0,0,0,0
65180,96,0,0,0,0,0,0,0
65200,97,0,0,0,0,0,0,0
65220,100,0,0,0,0,0,0,0
65240,99,0,0,0,0,0,0,0
65260,105,0,0,0,0,0,0,0
65280,105,0,0,0,0,0,0,0
65300,105,0,0,0,0,0,0,0
65320,105,0,0,0,0,0,0,0
65340,106,0,0,0,0,0,0,0
65360,106,0,0,0,0,0,0,0
65380,111,0,0,0,0,0,0,0
65400,110,0,0,0,0,0,0,0
65420,114,0,0,0,0,0,0,0
65440,116,0,0,0,0,0,0,0
65460,122,0,0,0,0,0,0,0
65480,122,0,0,0,0,0,0,0
65500,129,0,0,0,0,0,0,0
65520,130,0,0,0,0,0,0,0
65540,135,0,0,0,0,0,0,0
65560,137,0,0,0,0,0,0,0
65580,142,0,0,0,0,0,0,0
65600,145,0,0,0,0,0,0,0
65620,150,0,0,0,0,0,0,0
65640,155,0,0,0,0,0,0,0
65660,159,0,0,0,0,0,0,0
65680,165,0,0,0,0,0,0,0
65700,170,0,0,0,0,0,0,0
65720,173,0,0,0,0,0,0,0
65740,183,0,0,0,0,0,0,0
65760,184,0,0,0,0,0,0,0
65780,192,0,0,0,0,0,0,0
65800,198,0,0,0,0,0,0,0
65820,211,0,0,0,0,0,0,0
65840,215,0,0,0,0,0,0,0
65860,227,0,0,0,0,0,0,0
65880,235,0,0,0,0,0,0,0
65900,249,0,0,0,0,0,0,0
65920,265,0,0,0,0,0,0,0
65940,277,0,0,0,0,0,0,0
65960,287,0,0,0,0,0,0,0
65980,300,0,0,0,0,0,0,0
66000,315,0,0,0,0,0,0,0
66020,335,0,0,0,0,0,0,0
66040,354,0,0,0,0,0,0,0
66060,373,0,0,0,0,0,0,0
66080,391,0,0,0,0,0,0,0
66100,412,0,0,0,0,0,0,0
66120,441,0,0,0,0,0,0,0
66140,470,0,0,0,0,0,0,0
66160,502,0,0,0,0,0,0,0
66180,549,0,0,0,0,0,0,0
66200,587,0,0,0,0,0,0,0
66220,623,0,0,0,0,0,0,0
66240,666,0,0,0,0,0,0,0
66260,710,0,0,0,0,0,0,0
66280,749,0,0,0,0,0,0,0
66300,788,0,0,0,0,0,0,0
66320,819,0,0,0,0,0,0,0
66340,840,0,0,0,0,0,0,0
66360,857,0,0,0,0,0,0,0
66380,860,0,0,0,0,0,0,0
66400,848,0,0,0,0,0,0,0
66420,824,0,0,0,0,0,0,0
66440,793,0,0,0,0,0,0,0
66460,745,0,0,0,0,0,0,0
66480,697,0,0,0,0,0,0,0
66500,646,0,0,0,0,0,0,0
66520,601,0,0,0,0,0,0,0
66540,557,0,0,0,0,0,0,0
66560,517,0,0,0,0,0,0,0
66580,474,0,0,0,0,0,0,0
66600,443,0,0,0,0,0,0,0
66620,415,0,0,0,0,0,0,0
66640,389,0,0,0,0,0,0,0
66660,367,0,0,0,0,0,0,0
66680,348,0,0,0,0,0,0,0
66700,329,0,0,0,0,0,0,0
66720,305,0,0,0,0,0,0,0
66740,293,0,0,0,0,0,0,0
66760,283,0,0,0,0,0,0,0
66780,272,0,0,0,0,0,0,0
66800,263,0,0,0,0,0,0,0
66820,254,0,0,0,0,0,0,0
66840,245,0,0,0,0,0,0,0
66860,240,0,0,0,0,0,0,0
66880,235,0,0,0,0,0,0,0
66900,226,0,0,0,0,0,0,0
66920,221,0,0,0,0,0,0,0
66940,215,0,0,0,0,0,0,0
66960,210,0,0,0,0,0,0,0
66980,210,0,0,0,0,0,0,0
67000,200,0,0,0,0,0,0,0
67020,195,0,0,0,0,0,0,0
67040,190,0,0,0,0,0,0,0
67060,186,0,0,0,0,0,0,0
67080,195,0,0,0,0,0,0,0
67100,176,0,0,0,0,0,0,0
67120,177,0,0,0,0,0,0,0
67140,171,0,0,0,0,0,0,0
67160,164,0,0,0,0,0,0,0
67180,160,0,0,0,0,0,0,0
67200,151,0,0,0,0,0,0,0
67220,155,0,0,0,0,0,0,0
67240,153,0,0,0,0,0,0,0
67260,145,0,0,0,0,0,0,0
67280,145,0,0,0,0,0,0,0
67300,141,0,0,0,0,0,0,0
67320,140,0,0,0,0,0,0,0
67340,137,0,0,0,0,0,0,0
67360,129,0,0,0,0,0,0,0
67380,137,0,0,0,0,0,0,0
67400,121,0,0,0,0,0,0,0
67420,128,0,0,0,0,0,0,0
67440,124,0,0,0,0,0,0,0
67460,121,0,0,0,0,0,0,0
67480,122,0,0,0,0,0,0,0
67500,126,0,0,0,0,0,0,0
67520,113,0,0,0,0,0,0,0
67540,134,0,0,0,0,0,0,0
67560,110,0,0,0,0,0,0,0
67580,111,0,0,0,0,0,0,0
67600,111,0,0,0,0,0,0,0
67620,107,0,0,0,0,0,0,0
67640,107,0,0,0,0,0,0,0
67660,104,0,0,0,0,0,0,0
67680,103,0,0,0,0,0,0,0
67700,103,0,0,0,0,0,0,0
67720,92,0,0,0,0,0,0,0
67740,108,0,0,0,0,0,0,0
67760,105,0,0,0,0,0,0,0
67780,103,0,0,0,0,0,0,0
67800,92,0,0,0,0,0,0,0
67820,97,0,0,0,0,0,0,0
67840,106,0,0,0,0,0,0,0
67860,99,0,0,0,0,0,0,0
67880,106,0,0,0,0,0,0,0
67900,99,0,0,0,0,0,0,0
67920,92,0,0,0,0,0,0,0
67940,107,0,0,0,0,0,0,0
67960,111,0,0,0,0,0,0,0
67980,97,0,0,0,0,0,0,0
68000,96,0,0,0,0,0,0,0
68020,95,0,0,0,0,0,0,0
68040,96,0,0,0,0,0,0,0
68060,104,0,0,0,0,0,0,0
68080,110,0,0,0,0,0,0,0
68100,103,0,0,0,0,0,0,0
68120,103,0,0,0,0,0,0,0
68140,111,0,0,0,0,0,0,0
68160,95,0,0,0,0,0,0,0
68180,92,0,0,0,0,0,0,0
68200,92,0,0,0,0,0,0,0
68220,97,0,0,0,0,0,0,0
68240,89,0,0,0,0,0,0,0
68260,83,0,0,0,0,0,0,0
68280,85,0,0,0,0,0,0,0
68300,95,0,0,0,0,0,0,0
68320,92,0,0,0,0,0,0,0
68340,93,0,0,0,0,0,0,0
68360,92,0,0,0,0,0,0,0
68380,80,0,0,0,0,0,0,0
68400,81,0,0,0,0,0,0,0
68420,99,0,0,0,0,0,0,0
68440,81,0,0,0,0,0,0,0
68460,93,0,0,0,0,0,0,0
68480,84,0,0,0,0,0,0,0
68500,91,0,0,0,0,0,0,0
68520,80,0,0,0,0,0,0,0
68540,85,0,0,0,0,0,0,0
68560,84,0,0,0,0,0,0,0
68580,87,0,0,0,0,0,0,0
68600,84,0,0,0,0,0,0,0
68620,87,0,0,0,0,0,0,0
68640,81,0,0,0,0,0,0,0
68660,87,0,0,0,0,0,0,0
68680,86,0,0,0,0,0,0,0
68700,89,0,0,0,0,0,0,0
68720,88,0,0,0,0,0,0,0
68740,90,0,0,0,0,0,0,0
68760,88,0,0,0,0,0,0,0
68780,91,0,0,0,0,0,0,0
68800,94,0,0,0,0,0,0,0
68820,110,0,0,0,0,0,0,0
68840,95,0,0,0,0,0,0,0
68860,93,0,0,0,0,0,0,0
68880,95,0,0,0,0,0,0,0
68900,91,0,0,0,0,0,0,0
68920,94,0,0,0,0,0,0,0
68940,96,0,0,0,0,0,0,0
68960,96,0,0,0,0,0,0,0
68980,97,0,0,0,0,0,0,0
69000,98,0,0,0,0,0,0,0
69020,95,0,0,0,0,0,0,0
69040,95,0,0,0,0,0,0,0
69060,96,0,0,0,0,0,0,0
69080,108,0,0,0,0,0,0,0
69100,109,0,0,0,0,0,0,0
69120,103,0,0,0,0,0,0,0
69140,103,0,0,0,0,0,0,0
69160,105,0,0,0,0,0,0,0
69180,103,0,0,0,0,0,0,0
69200,106,0,0,0,0,0,0,0
69220,104,0,0,0,0,0,0,0
69240,105,0,0,0,0,0,0,0
69260,108,0,0,0,0,0,0,0
69280,99,0,0,0,0,0,0,0
69300,111,0,0,0,0,0,0,0
69320,108,0,0,0,0,0,0,0
69340,110,0,0,0,0,0,0,0
69360,109,0,0,0,0,0,0,0
69380,97,0,0,0,0,0,0,0
69400,113,0,0,0,0,0,0,0
69420,114,0,0,0,0,0,0,0
69440,118,0,0,0,0,0,0,0
69460,115,0,0,0,0,0,0,0
69480,121,0,0,0,0,0,0,0
69500,123,0,0,0,0,0,0,0
69520,125,0,0,0,0,0,0,0
69540,127,0,0,0,0,0,0,0
69560,120,0,0,0,0,0,0,0
69580,136,0,0,0,0,0,0,0
69600,143,0,0,0,0,0,0,0
69620,142,0,0,0,0,0,0,0
69640,142,0,0,0,0,0,0,0
69660,145,0,0,0,0,0,0,0
69680,146,0,0,0,0,0,0,0
69700,150,0,0,0,0,0,0,0
69720,159,0,0,0,0,0,0,0
69740,157,0,0,0,0,0,0,0
69760,159,0,0,0,0,0,0,0
69780,162,0,0,0,0,0,0,0
69800,167,0,0,0,0,0,0,0
69820,174,0,0,0,0,0,0,0
69840,175,0,0,0,0,0,0,0
69860,183,0,0,0,0,0,0,0
69880,186,0,0,0,0,0,0,0
69900,190,0,0,0,0,0,0,0
69920,196,0,0,0,0,0,0,0
69940,199,0,0,0,0,0,0,0
69960,202,0,0,0,0,0,0,0
69980,208,0,0,0,0,0,0,0
70000,214,0,0,0,0,0,0,0
70020,217,0,0,0,0,0,0,0
70040,223,0,0,0,0,0,0,0
70060,227,0,0,0,0,0,0,0
70080,236,0,0,0,0,0,0,0
70100,244,0,0,0,0,0,0,0
70120,263,0,0,0,0,0,0,0
70140,256,0,0,0,0,0,0,0
70160,262,0,0,0,0,0,0,0
70180,279,0,0,0,0,0,0,0
70200,286,0,0,0,0,0,0,0
70220,300,0,0,0,0,0,0,0
70240,305,0,0,0,0,0,0,0
70260,325,0,0,0,0,0,0,0
70280,349,0,0,0,0,0,0,0
70300,370,0,0,0,0,0,0,0
70320,391,0,0,0,0,0,0,0
70340,424,0,0,0,0,0,0,0
70360,442,0,0,0,0,0,0,0
70380,466,0,0,0,0,0,0,0
70400,489,0,0,0,0,0,0,0
70420,529,0,0,0,0,0,0,0
70440,570,0,0,0,0,0,0,0
70460,606,0,0,0,0,0,0,0
70480,652,0,0,0,0,0,0,0
70500,693,0,0,0,0,0,0,0
70520,734,0,0,0,0,0,0,0
70540,772,0,0,0,0,0,0,0
70560,805,0,0,0,0,0,0,0
70580,830,0,0,0,0,0,0,0
70600,846,0,0,0,0,0,0,0
70620,847,0,0,0,0,0,0,0
70640,848,0,0,0,0,0,0,0
70660,822,0,0,0,0,0,0,0
70680,792,0,0,0,0,0,0,0
70700,755,0,0,0,0,0,0,0
70720,710,0,0,0,0,0,0,0
70740,656,0,0,0,0,0,0,0
70760,608,0,0,0,0,0,0,0
70780,568,0,0,0,0,0,0,0
70800,529,0,0,0,0,0,0,0
70820,480,0,0,0,0,0,0,0
70840,447,0,0,0,0,0,0,0
70860,423,0,0,0,0,0,0,0
70880,393,0,0,0,0,0,0,0
70900,374,0,0,0,0,0,0,0
70920,358,0,0,0,0,0,0,0
70940,334,0,0,0,0,0,0,0
70960,318,0,0,0,0,0,0,0
70980,296,0,0,0,0,0,0,0
71000,281,0,0,0,0,0,0,0
71020,269,0,0,0,0,0,0,0
71040,260,0,0,0,0,0,0,0
71060,244,0,0,0,0,0,0,0
71080,232,0,0,0,0,0,0,0
71100,222,0,0,0,0,0,0,0
71120,211,0,0,0,0,0,0,0
71140,201,0,0,0,0,0,0,0
71160,193,0,0,0,0,0,0,0
71180,188,0,0,0,0,0,0,0
71200,179,0,0,0,0,0,0,0
71220,172,0,0,0,0,0,0,0
71240,168,0,0,0,0,0,0,0
71260,164,0,0,0,0,0,0,0
71280,161,0,0,0,0,0,0,0
71300,155,0,0,0,0,0,0,0
71320,147,0,0,0,0,0,0,0
71340,148,0,0,0,0,0,0,0
71360,141,0,0,0,0,0,0,0
71380,137,0,0,0,0,0,0,0
71400,132,0,0,0,0,0,0,0
71420,130,0,0,0,0,0,0,0
71440,128,0,0,0,0,0,0,0
71460,121,0,0,0,0,0,0,0
71480,120,0,0,0,0,0,0,0
71500,117,0,0,0,0,0,0,0
71520,112,0,0,0,0,0,0,0
71540,109,0,0,0,0,0,0,0
71560,109,0,0,0,0,0,0,0
71580,107,0,0,0,0,0,0,0
71600,105,0,0,0,0,0,0,0
71620,105,0,0,0,0,0,0,0
71640,104,0,0,0,0,0,0,0
71660,104,0,0,0,0,0,0,0
71680,106,0,0,0,0,0,0,0
71700,102,0,0,0,0,0,0,0
71720,98,0,0,0,0,0,0,0
71740,97,0,0,0,0,0,0,0
71760,94,0,0,0,0,0,0,0
71780,93,0,0,0,0,0,0,0
71800,93,0,0,0,0,0,0,0
71820,91,0,0,0,0,0,0,0
71840,94,0,0,0,0,0,0,0
71860,92,0,0,0,0,0,0,0
71880,95,0,0,0,0,0,0,0
71900,96,0,0,0,0,0,0,0
71920,96,0,0,0,0,0,0,0
71940,97,0,0,0,0,0,0,0
71960,95,0,0,0,0,0,0,0
71980,95,0,0,0,0,0,0,0
72000,94,0,0,0,0,0,0,0
72020,94,0,0,0,0,0,0,0
72040,94,0,0,0,0,0,0,0
72060,94,0,0,0,0,0,0,0
72080,94,0,0,0,0,0,0,0
72100,94,0,0,0,0,0,0,0
72120,94,0,0,0,0,0,0,0
72140,94,0,0,0,0,0,0,0
72160,95,0,0,0,0,0,0,0
72180,94,0,0,0,0,0,0,0
72200,101,0,0,0,0,0,0,0
72220,96,0,0,0,0,0,0,0
72240,98,0,0,0,0,0,0,0
72260,93,0,0,0,0,0,0,0
72280,94,0,0,0,0,0,0,0
72300,93,0,0,0,0,0,0,0
72320,93,0,0,0,0,0,0,0
72340,93,0,0,0,0,0,0,0
72360,94,0,0,0,0,0,0,0
72380,96,0,0,0,0,0,0,0
72400,97,0,0,0,0,0,0,0
72420,102,0,0,0,0,0,0,0
72440,101,0,0,0,0,0,0,0
72460,105,0,0,0,0,0,0,0
72480,104,0,0,0,0,0,0,0
72500,105,0,0,0,0,0,0,0
72520,104,0,0,0,0,0,0,0
72540,104,0,0,0,0,0,0,0
72560,109,0,0,0,0,0,0,0
72580,108,0,0,0,0,0,0,0
72600,109,0,0,0,0,0,0,0
72620,112,0,0,0,0,0,0,0
72640,115,0,0,0,0,0,0,0
72660,121,0,0,0,0,0,0,0
72680,122,0,0,0,0,0,0,0
72700,128,0,0,0,0,0,0,0
72720,130,0,0,0,0,0,0,0
72740,135,0,0,0,0,0,0,0
72760,135,0,0,0,0,0,0,0
72780,143,0,0,0,0,0,0,0
72800,145,0,0,0,0,0,0,0
72820,151,0,0,0,0,0,0,0
72840,153,0,0,0,0,0,0,0
72860,159,0,0,0,0,0,0,0
72880,163,0,0,0,0,0,0,0
72900,170,0,0,0,0,0,0,0
72920,173,0,0,0,0,0,0,0
72940,178,0,0,0,0,0,0,0
72960,182,0,0,0,0,0,0,0
72980,191,0,0,0,0,0,0,0
73000,195,0,0,0,0,0,0,0
73020,206,0,0,0,0,0,0,0
73040,213,0,0,0,0,0,0,0
73060,227,0,0,0,0,0,0,0
73080,233,0,0,0,0,0,0,0
73100,248,0,0,0,0,0,0,0
73120,263,0,0,0,0,0,0,0
73140,280,0,0,0,0,0,0,0
73160,288,0,0,0,0,0,0,0
73180,299,0,0,0,0,0,0,0
73200,311,0,0,0,0,0,0,0
73220,330,0,0,0,0,0,0,0
73240,347,0,0,0,0,0,0,0
73260,366,0,0,0,0,0,0,0
73280,385,0,0,0,0,0,0,0
73300,404,0,0,0,0,0,0,0
73320,450,0,0,0,0,0,0,0
73340,460,0,0,0,0,0,0,0
73360,489,0,0,0,0,0,0,0
73380,534,0,0,0,0,0,0,0
73400,570,0,0,0,0,0,0,0
73420,607,0,0,0,0,0,0,0
73440,650,0,0,0,0,0,0,0
73460,692,0,0,0,0,0,0,0
73480,730,0,0,0,0,0,0,0
73500,770,0,0,0,0,0,0,0
73520,804,0,0,0,0,0,0,0
73540,828,0,0,0,0,0,0,0
73560,839,0,0,0,0,0,0,0
73580,846,0,0,0,0,0,0,0
73600,839,0,0,0,0,0,0,0
73620,802,0,0,0,0,0,0,0
73640,781,0,0,0,0,0,0,0
73660,743,0,0,0,0,0,0,0
73680,694,0,0,0,0,0,0,0
73700,650,0,0,0,0,0,0,0
73720,600,0,0,0,0,0,0,0
73740,574,0,0,0,0,0,0,0
73760,517,0,0,0,0,0,0,0
73780,478,0,0,0,0,0,0,0
73800,445,0,0,0,0,0,0,0
73820,419,0,0,0,0,0,0,0
73840,395,0,0,0,0,0,0,0
73860,372,0,0,0,0,0,0,0
73880,353,0,0,0,0,0,0,0
73900,331,0,0,0,0,0,0,0
73920,307,0,0,0,0,0,0,0
73940,298,0,0,0,0,0,0,0
73960,280,0,0,0,0,0,0,0
73980,274,0,0,0,0,0,0,0
74000,262,0,0,0,0,0,0,0
74020,252,0,0,0,0,0,0,0
74040,230,0,0,0,0,0,0,0
74060,244,0,0,0,0,0,0,0
74080,237,0,0,0,0,0,0,0
74100,228,0,0,0,0,0,0,0
74120,222,0,0,0,0,0,0,0
74140,214,0,0,0,0,0,0,0
74160,211,0,0,0,0,0,0,0
74180,203,0,0,0,0,0,0,0
74200,203,0,0,0,0,0,0,0
74220,196,0,0,0,0,0,0,0
74240,190,0,0,0,0,0,0,0
74260,184,0,0,0,0,0,0,0
74280,180,0,0,0,0,0,0,0
74300,190,0,0,0,0,0,0,0
74320,182,0,0,0,0,0,0,0
74340,168,0,0,0,0,0,0,0
74360,164,0,0,0,0,0,0,0
74380,159,0,0,0,0,0,0,0
74400,161,0,0,0,0,0,0,0
74420,156,0,0,0,0,0,0,0
74440,147,0,0,0,0,0,0,0
74460,148,0,0,0,0,0,0,0
74480,145,0,0,0,0,0,0,0
74500,142,0,0,0,0,0,0,0
74520,138,0,0,0,0,0,0,0
74540,136,0,0,0,0,0,0,0
74560,131,0,0,0,0,0,0,0
74580,156,0,0,0,0,0,0,0
74600,135,0,0,0,0,0,0,0
74620,120,0,0,0,0,0,0,0
74640,136,0,0,0,0,0,0,0
74660,113,0,0,0,0,0,0,0
74680,115,0,0,0,0,0,0,0
74700,119,0,0,0,0,0,0,0
74720,133,0,0,0,0,0,0,0
74740,114,0,0,0,0,0,0,0
74760,111,0,0,0,0,0,0,0
74780,111,0,0,0,0,0,0,0
74800,107,0,0,0,0,0,0,0
74820,109,0,0,0,0,0,0,0
74840,105,0,0,0,0,0,0,0
74860,108,0,0,0,0,0,0,0
74880,109,0,0,0,0,0,0,0
74900,101,0,0,0,0,0,0,0
74920,109,0,0,0,0,0,0,0
74940,103,0,0,0,0,0,0,0
74960,105,0,0,0,0,0,0,0
74980,103,0,0,0,0,0,0,0
75000,106,0,0,0,0,0,0,0
75020,103,0,0,0,0,0,0,0
75040,100,0,0,0,0,0,0,0
75060,102,0,0,0,0,0,0,0
75080,97,0,0,0,0,0,0,0
75100,100,0,0,0,0,0,0,0
75120,95,0,0,0,0,0,0,0
75140,96,0,0,0,0,0,0,0
75160,103,0,0,0,0,0,0,0
75180,96,0,0,0,0,0,0,0
75200,96,0,0,0,0,0,0,0
75220,95,0,0,0,0,0,0,0
75240,94,0,0,0,0,0,0,0
75260,100,0,0,0,0,0,0,0
75280,96,0,0,0,0,0,0,0
75300,103,0,0,0,0,0,0,0
75320,89,0,0,0,0,0,0,0
75340,127,0,0,0,0,0,0,0
75360,96,0,0,0,0,0,0,0
75380,95,0,0,0,0,0,0,0
75400,127,0,0,0,0,0,0,0
75420,81,0,0,0,0,0,0,0
75440,102,0,0,0,0,0,0,0
75460,88,0,0,0,0,0,0,0
75480,95,0,0,0,0,0,0,0
75500,80,0,0,0,0,0,0,0
75520,88,0,0,0,0,0,0,0
75540,95,0,0,0,0,0,0,0
75560,84,0,0,0,0,0,0,0
75580,88,0,0,0,0,0,0,0
75600,94,0,0,0,0,0,0,0
75620,87,0,0,0,0,0,0,0
75640,103,0,0,0,0,0,0,0
75660,97,0,0,0,0,0,0,0
75680,108,0,0,0,0,0,0,0
75700,88,0,0,0,0,0,0,0
75720,94,0,0,0,0,0,0,0
75740,85,0,0,0,0,0,0,0
75760,60,0,0,0,0,0,0,0
75780,108,0,0,0,0,0,0,0
75800,80,0,0,0,0,0,0,0
75820,89,0,0,0,0,0,0,0
75840,93,0,0,0,0,0,0,0
75860,86,0,0,0,0,0,0,0
75880,81,0,0,0,0,0,0,0
75900,87,0,0,0,0,0,0,0
75920,111,0,0,0,0,0,0,0
75940,92,0,0,0,0,0,0,0
75960,91,0,0,0,0,0,0,0
75980,96,0,0,0,0,0,0,0
76000,94,0,0,0,0,0,0,0
76020,97,0,0,0,0,0,0,0
76040,107,0,0,0,0,0,0,0
76060,96,0,0,0,0,0,0,0
76080,96,0,0,0,0,0,0,0
76100,92,0,0,0,0,0,0,0
76120,103,0,0,0,0,0,0,0
76140,94,0,0,0,0,0,0,0
76160,111,0,0,0,0,0,0,0
76180,101,0,0,0,0,0,0,0
76200,111,0,0,0,0,0,0,0
76220,99,0,0,0,0,0,0,0
76240,98,0,0,0,0,0,0,0
76260,103,0,0,0,0,0,0,0
76280,108,0,0,0,0,0,0,0
76300,108,0,0,0,0,0,0,0
76320,106,0,0,0,0,0,0,0
76340,102,0,0,0,0,0,0,0
76360,104,0,0,0,0,0,0,0
76380,108,0,0,0,0,0,0,0
76400,104,0,0,0,0,0,0,0
76420,107,0,0,0,0,0,0,0
76440,104,0,0,0,0,0,0,0
76460,111,0,0,0,0,0,0,0
76480,99,0,0,0,0,0,0,0
76500,108,0,0,0,0,0,0,0
76520,130,0,0,0,0,0,0,0
76540,111,0,0,0,0,0,0,0
76560,111,0,0,0,0,0,0,0
76580,111,0,0,0,0,0,0,0
76600,112,0,0,0,0,0,0,0
76620,113,0,0,0,0,0,0,0
76640,134,0,0,0,0,0,0,0
76660,115,0,0,0,0,0,0,0
76680,119,0,0,0,0,0,0,0
76700,129,0,0,0,0,0,0,0
76720,123,0,0,0,0,0,0,0
76740,121,0,0,0,0,0,0,0
76760,131,0,0,0,0,0,0,0
76780,131,0,0,0,0,0,0,0
76800,140,0,0,0,0,0,0,0
76820,138,0,0,0,0,0,0,0
76840,158,0,0,0,0,0,0,0
76860,147,0,0,0,0,0,0,0
76880,149,0,0,0,0,0,0,0
76900,151,0,0,0,0,0,0,0
76920,153,0,0,0,0,0,0,0
76940,156,0,0,0,0,0,0,0
76960,163,0,0,0,0,0,0,0
76980,167,0,0,0,0,0,0,0
77000,167,0,0,0,0,0,0,0
77020,172,0,0,0,0,0,0,0
77040,176,0,0,0,0,0,0,0
77060,180,0,0,0,0,0,0,0
77080,184,0,0,0,0,0,0,0
77100,190,0,0,0,0,0,0,0
77120,196,0,0,0,0,0,0,0
77140,201,0,0,0,0,0,0,0
77160,207,0,0,0,0,0,0,0
77180,212,0,0,0,0,0,0,0
77200,217,0,0,0,0,0,0,0
77220,225,0,0,0,0,0,0,0
77240,224,0,0,0,0,0,0,0
77260,228,0,0,0,0,0,0,0
77280,227,0,0,0,0,0,0,0
77300,262,0,0,0,0,0,0,0
77320,251,0,0,0,0,0,0,0
77340,256,0,0,0,0,0,0,0
77360,262,0,0,0,0,0,0,0
77380,275,0,0,0,0,0,0,0
77400,287,0,0,0,0,0,0,0
77420,298,0,0,0,0,0,0,0
77440,308,0,0,0,0,0,0,0
77460,328,0,0,0,0,0,0,0
77480,341,0,0,0,0,0,0,0
77500,372,0,0,0,0,0,0,0
77520,392,0,0,0,0,0,0,0
77540,418,0,0,0,0,0,0,0
77560,439,0,0,0,0,0,0,0
77580,469,0,0,0,0,0,0,0
77600,488,0,0,0,0,0,0,0
77620,524,0,0,0,0,0,0,0
77640,566,0,0,0,0,0,0,0
77660,608,0,0,0,0,0,0,0
77680,647,0,0,0,0,0,0,0
77700,688,0,0,0,0,0,0,0
77720,731,0,0,0,0,0,0,0
77740,770,0,0,0,0,0,0,0
77760,800,0,0,0,0,0,0,0
77780,824,0,0,0,0,0,0,0
77800,840,0,0,0,0,0,0,0
77820,842,0,0,0,0,0,0,0
77840,842,0,0,0,0,0,0,0
77860,820,0,0,0,0,0,0,0
77880,796,0,0,0,0,0,0,0
77900,753,0,0,0,0,0,0,0
77920,712,0,0,0,0,0,0,0
77940,663,0,0,0,0,0,0,0
77960,613,0,0,0,0,0,0,0
77980,574,0,0,0,0,0,0,0
78000,538,0,0,0,0,0,0,0
78020,489,0,0,0,0,0,0,0
78040,454,0,0,0,0,0,0,0
78060,424,0,0,0,0,0,0,0
78080,400,0,0,0,0,0,0,0
78100,376,0,0,0,0,0,0,0
78120,357,0,0,0,0,0,0,0
78140,339,0,0,0,0,0,0,0
78160,321,0,0,0,0,0,0,0
78180,300,0,0,0,0,0,0,0
78200,283,0,0,0,0,0,0,0
78220,272,0,0,0,0,0,0,0
78240,263,0,0,0,0,0,0,0
78260,248,0,0,0,0,0,0,0
78280,236,0,0,0,0,0,0,0
78300,227,0,0,0,0,0,0,0
78320,212,0,0,0,0,0,0,0
78340,203,0,0,0,0,0,0,0
78360,194,0,0,0,0,0,0,0
78380,188,0,0,0,0,0,0,0
78400,186,0,0,0,0,0,0,0
78420,176,0,0,0,0,0,0,0
78440,170,0,0,0,0,0,0,0
78460,167,0,0,0,0,0,0,0
78480,164,0,0,0,0,0,0,0
78500,157,0,0,0,0,0,0,0
78520,152,0,0,0,0,0,0,0
78540,147,0,0,0,0,0,0,0
78560,144,0,0,0,0,0,0,0
78580,139,0,0,0,0,0,0,0
78600,133,0,0,0,0,0,0,0
78620,131,0,0,0,0,0,0,0
78640,127,0,0,0,0,0,0,0
78660,125,0,0,0,0,0,0,0
78680,122,0,0,0,0,0,0,0
78700,115,0,0,0,0,0,0,0
78720,115,0,0,0,0,0,0,0
78740,112,0,0,0,0,0,0,0
78760,105,0,0,0,0,0,0,0
78780,107,0,0,0,0,0,0,0
78800,106,0,0,0,0,0,0,0
78820,111,0,0,0,0,0,0,0
78840,104,0,0,0,0,0,0,0
78860,106,0,0,0,0,0,0,0
78880,106,0,0,0,0,0,0,0
78900,103,0,0,0,0,0,0,0
78920,100,0,0,0,0,0,0,0
78940,99,0,0,0,0,0,0,0
78960,93,0,0,0,0,0,0,0
78980,91,0,0,0,0,0,0,0
79000,91,0,0,0,0,0,0,0
79020,94,0,0,0,0,0,0,0
79040,95,0,0,0,0,0,0,0
79060,94,0,0,0,0,0,0,0
79080,95,0,0,0,0,0,0,0
79100,96,0,0,0,0,0,0,0
79120,98,0,0,0,0,0,0,0
79140,96,0,0,0,0,0,0,0
79160,95,0,0,0,0,0,0,0
79180,95,0,0,0,0,0,0,0
79200,95,0,0,0,0,0,0,0
79220,93,0,0,0,0,0,0,0
79240,95,0,0,0,0,0,0,0
79260,94,0,0,0,0,0,0,0
79280,99,0,0,0,0,0,0,0
79300,93,0,0,0,0,0,0,0
79320,95,0,0,0,0,0,0,0
79340,93,0,0,0,0,0,0,0
79360,95,0,0,0,0,0,0,0
79380,95,0,0,0,0,0,0,0
79400,96,0,0,0,0,0,0,0
79420,96,0,0,0,0,0,0,0
79440,98,0,0,0,0,0,0,0
79460,96,0,0,0,0,0,0,0
79480,95,0,0,0,0,0,0,0
79500,97,0,0,0,0,0,0,0
79520,94,0,0,0,0,0,0,0
79540,93,0,0,0,0,0,0,0
79560,94,0,0,0,0,0,0,0
79580,95,0,0,0,0,0,0,0
79600,100,0,0,0,0,0,0,0
79620,98,0,0,0,0,0,0,0
79640,100,0,0,0,0,0,0,0
79660,103,0,0,0,0,0,0,0
79680,106,0,0,0,0,0,0,0
79700,103,0,0,0,0,0,0,0
79720,104,0,0,0,0,0,0,0
79740,108,0,0,0,0,0,0,0
79760,107,0,0,0,0,0,0,0
79780,111,0,0,0,0,0,0,0
79800,111,0,0,0,0,0,0,0
79820,115,0,0,0,0,0,0,0
79840,118,0,0,0,0,0,0,0
79860,120,0,0,0,0,0,0,0
79880,121,0,0,0,0,0,0,0
79900,131,0,0,0,0,0,0,0
79920,129,0,0,0,0,0,0,0
79940,139,0,0,0,0,0,0,0
79960,138,0,0,0,0,0,0,0
79980,143,0,0,0,0,0,0,0
80000,149,0,0,0,0,0,0,0
80020,148,0,0,0,0,0,0,0
80040,156,0,0,0,0,0,0,0
80060,158,0,0,0,0,0,0,0
80080,166,0,0,0,0,0,0,0
80100,170,0,0,0,0,0,0,0
80120,174,0,0,0,0,0,0,0
80140,177,0,0,0,0,0,0,0
80160,184,0,0,0,0,0,0,0
80180,191,0,0,0,0,0,0,0
80200,198,0,0,0,0,0,0,0
80220,207,0,0,0,0,0,0,0
80240,213,0,0,0,0,0,0,0
80260,227,0,0,0,0,0,0,0
80280,236,0,0,0,0,0,0,0
80300,253,0,0,0,0,0,0,0
80320,264,0,0,0,0,0,0,0
80340,276,0,0,0,0,0,0,0
80360,285,0,0,0,0,0,0,0
80380,302,0,0,0,0,0,0,0
80400,315,0,0,0,0,0,0,0
80420,335,0,0,0,0,0,0,0
80440,353,0,0,0,0,0,0,0
80460,370,0,0,0,0,0,0,0
80480,391,0,0,0,0,0,0,0
80500,408,0,0,0,0,0,0,0
80520,437,0,0,0,0,0,0,0
80540,464,0,0,0,0,0,0,0
80560,495,0,0,0,0,0,0,0
80580,543,0,0,0,0,0,0,0
80600,578,0,0,0,0,0,0,0
80620,612,0,0,0,0,0,0,0
80640,654,0,0,0,0,0,0,0
80660,698,0,0,0,0,0,0,0
80680,739,0,0,0,0,0,0,0
80700,775,0,0,0,0,0,0,0
80720,807,0,0,0,0,0,0,0
80740,829,0,0,0,0,0,0,0
80760,844,0,0,0,0,0,0,0
80780,852,0,0,0,0,0,0,0
80800,842,0,0,0,0,0,0,0
80820,818,0,0,0,0,0,0,0
80840,782,0,0,0,0,0,0,0
80860,742,0,0,0,0,0,0,0
80880,693,0,0,0,0,0,0,0
80900,645,0,0,0,0,0,0,0
80920,599,0,0,0,0,0,0,0
80940,562,0,0,0,0,0,0,0
80960,518,0,0,0,0,0,0,0
80980,476,0,0,0,0,0,0,0
81000,446,0,0,0,0,0,0,0
81020,418,0,0,0,0,0,0,0
81040,391,0,0,0,0,0,0,0
81060,368,0,0,0,0,0,0,0
81080,349,0,0,0,0,0,0,0
81100,327,0,0,0,0,0,0,0
81120,306,0,0,0,0,0,0,0
81140,293,0,0,0,0,0,0,0
81160,284,0,0,0,0,0,0,0
81180,272,0,0,0,0,0,0,0
81200,262,0,0,0,0,0,0,0
81220,252,0,0,0,0,0,0,0
81240,246,0,0,0,0,0,0,0
81260,240,0,0,0,0,0,0,0
81280,236,0,0,0,0,0,0,0
81300,231,0,0,0,0,0,0,0
81320,225,0,0,0,0,0,0,0
81340,215,0,0,0,0,0,0,0
81360,212,0,0,0,0,0,0,0
81380,209,0,0,0,0,0,0,0
81400,200,0,0,0,0,0,0,0
81420,198,0,0,0,0,0,0,0
81440,191,0,0,0,0,0,0,0
81460,188,0,0,0,0,0,0,0
81480,181,0,0,0,0,0,0,0
81500,179,0,0,0,0,0,0,0
81520,173,0,0,0,0,0,0,0
81540,171,0,0,0,0,0,0,0
81560,167,0,0,0,0,0,0,0
81580,161,0,0,0,0,0,0,0
81600,165,0,0,0,0,0,0,0
81620,157,0,0,0,0,0,0,0
81640,149,0,0,0,0,0,0,0
81660,148,0,0,0,0,0,0,0
81680,147,0,0,0,0,0,0,0
81700,141,0,0,0,0,0,0,0
81720,141,0,0,0,0,0,0,0
81740,136,0,0,0,0,0,0,0
81760,133,0,0,0,0,0,0,0
81780,131,0,0,0,0,0,0,0
81800,127,0,0,0,0,0,0,0
81820,126,0,0,0,0,0,0,0
81840,126,0,0,0,0,0,0,0
81860,120,0,0,0,0,0,0,0
81880,117,0,0,0,0,0,0,0
81900,115,0,0,0,0,0,0,0
81920,114,0,0,0,0,0,0,0
81940,114,0,0,0,0,0,0,0
81960,110,0,0,0,0,0,0,0
81980,111,0,0,0,0,0,0,0
82000,110,0,0,0,0,0,0,0
82020,109,0,0,0,0,0,0,0
82040,104,0,0,0,0,0,0,0
82060,108,0,0,0,0,0,0,0
82080,104,0,0,0,0,0,0,0
82100,103,0,0,0,0,0,0,0
82120,103,0,0,0,0,0,0,0
82140,103,0,0,0,0,0,0,0
82160,104,0,0,0,0,0,0,0
82180,103,0,0,0,0,0,0,0
82200,104,0,0,0,0,0,0,0
82220,103,0,0,0,0,0,0,0
82240,102,0,0,0,0,0,0,0
82260,99,0,0,0,0,0,0,0
82280,102,0,0,0,0,0,0,0
82300,99,0,0,0,0,0,0,0
82320,100,0,0,0,0,0,0,0
82340,97,0,0,0,0,0,0,0
82360,100,0,0,0,0,0,0,0
82380,96,0,0,0,0,0,0,0
82400,96,0,0,0,0,0,0,0
82420,93,0,0,0,0,0,0,0
82440,95,0,0,0,0,0,0,0
82460,96,0,0,0,0,0,0,0
82480,94,0,0,0,0,0,0,0
82500,93,0,0,0,0,0,0,0
82520,110,0,0,0,0,0,0,0
82540,118,0,0,0,0,0,0,0
82560,110,0,0,0,0,0,0,0
82580,97,0,0,0,0,0,0,0
82600,103,0,0,0,0,0,0,0
82620,95,0,0,0,0,0,0,0
82640,91,0,0,0,0,0,0,0
82660,88,0,0,0,0,0,0,0
82680,85,0,0,0,0,0,0,0
82700,84,0,0,0,0,0,0,0
82720,95,0,0,0,0,0,0,0
82740,103,0,0,0,0,0,0,0
82760,87,0,0,0,0,0,0,0
82780,96,0,0,0,0,0,0,0
82800,95,0,0,0,0,0,0,0
82820,99,0,0,0,0,0,0,0
82840,80,0,0,0,0,0,0,0
82860,96,0,0,0,0,0,0,0
82880,87,0,0,0,0,0,0,0
82900,88,0,0,0,0,0,0,0
82920,95,0,0,0,0,0,0,0
82940,85,0,0,0,0,0,0,0
82960,83,0,0,0,0,0,0,0
82980,84,0,0,0,0,0,0,0
83000,87,0,0,0,0,0,0,0
83020,80,0,0,0,0,0,0,0
83040,86,0,0,0,0,0,0,0
83060,86,0,0,0,0,0,0,0
83080,92,0,0,0,0,0,0,0
83100,88,0,0,0,0,0,0,0
83120,90,0,0,0,0,0,0,0
83140,87,0,0,0,0,0,0,0
83160,89,0,0,0,0,0,0,0
83180,93,0,0,0,0,0,0,0
83200,93,0,0,0,0,0,0,0
83220,91,0,0,0,0,0,0,0
83240,95,0,0,0,0,0,0,0
83260,103,0,0,0,0,0,0,0
83280,96,0,0,0,0,0,0,0
83300,94,0,0,0,0,0,0,0
83320,96,0,0,0,0,0,0,0
83340,96,0,0,0,0,0,0,0
83360,94,0,0,0,0,0,0,0
83380,97,0,0,0,0,0,0,0
83400,96,0,0,0,0,0,0,0
83420,103,0,0,0,0,0,0,0
83440,97,0,0,0,0,0,0,0
83460,101,0,0,0,0,0,0,0
83480,100,0,0,0,0,0,0,0
83500,105,0,0,0,0,0,0,0
83520,101,0,0,0,0,0,0,0
83540,107,0,0,0,0,0,0,0
83560,104,0,0,0,0,0,0,0
83580,104,0,0,0,0,0,0,0
83600,102,0,0,0,0,0,0,0
83620,111,0,0,0,0,0,0,0
83640,103,0,0,0,0,0,0,0
83660,106,0,0,0,0,0,0,0
83680,99,0,0,0,0,0,0,0
83700,108,0,0,0,0,0,0,0
83720,115,0,0,0,0,0,0,0
83740,108,0,0,0,0,0,0,0
83760,111,0,0,0,0,0,0,0
83780,96,0,0,0,0,0,0,0
83800,128,0,0,0,0,0,0,0
83820,116,0,0,0,0,0,0,0
83840,115,0,0,0,0,0,0,0
83860,115,0,0,0,0,0,0,0
83880,121,0,0,0,0,0,0,0
83900,123,0,0,0,0,0,0,0
83920,124,0,0,0,0,0,0,0
83940,126,0,0,0,0,0,0,0
83960,135,0,0,0,0,0,0,0
83980,159,0,0,0,0,0,0,0
84000,133,0,0,0,0,0,0,0
84020,138,0,0,0,0,0,0,0
84040,141,0,0,0,0,0,0,0
84060,144,0,0,0,0,0,0,0
84080,148,0,0,0,0,0,0,0
84100,147,0,0,0,0,0,0,0
84120,154,0,0,0,0,0,0,0
84140,156,0,0,0,0,0,0,0
84160,160,0,0,0,0,0,0,0
84180,161,0,0,0,0,0,0,0
84200,166,0,0,0,0,0,0,0
84220,167,0,0,0,0,0,0,0
84240,174,0,0,0,0,0,0,0
84260,177,0,0,0,0,0,0,0
84280,193,0,0,0,0,0,0,0
84300,190,0,0,0,0,0,0,0
84320,189,0,0,0,0,0,0,0
84340,200,0,0,0,0,0,0,0
84360,203,0,0,0,0,0,0,0
84380,210,0,0,0,0,0,0,0
84400,214,0,0,0,0,0,0,0
84420,216,0,0,0,0,0,0,0
84440,226,0,0,0,0,0,0,0
84460,227,0,0,0,0,0,0,0
84480,244,0,0,0,0,0,0,0
84500,247,0,0,0,0,0,0,0
84520,248,0,0,0,0,0,0,0
84540,256,0,0,0,0,0,0,0
84560,259,0,0,0,0,0,0,0
84580,277,0,0,0,0,0,0,0
84600,287,0,0,0,0,0,0,0
84620,299,0,0,0,0,0,0,0
84640,308,0,0,0,0,0,0,0
84660,320,0,0,0,0,0,0,0
84680,345,0,0,0,0,0,0,0
84700,370,0,0,0,0,0,0,0
84720,394,0,0,0,0,0,0,0
84740,419,0,0,0,0,0,0,0
84760,442,0,0,0,0,0,0,0
84780,467,0,0,0,0,0,0,0
84800,494,0,0,0,0,0,0,0
84820,536,0,0,0,0,0,0,0
84840,569,0,0,0,0,0,0,0
84860,605,0,0,0,0,0,0,0
84880,647,0,0,0,0,0,0,0
84900,690,0,0,0,0,0,0,0
84920,729,0,0,0,0,0,0,0
84940,767,0,0,0,0,0,0,0
84960,799,0,0,0,0,0,0,0
84980,828,0,0,0,0,0,0,0
85000,839,0,0,0,0,0,0,0
85020,845,0,0,0,0,0,0,0
85040,862,0,0,0,0,0,0,0
85060,828,0,0,0,0,0,0,0
85080,793,0,0,0,0,0,0,0
85100,755,0,0,0,0,0,0,0
85120,713,0,0,0,0,0,0,0
85140,665,0,0,0,0,0,0,0
85160,613,0,0,0,0,0,0,0
85180,575,0,0,0,0,0,0,0
85200,538,0,0,0,0,0,0,0
85220,493,0,0,0,0,0,0,0
85240,453,0,0,0,0,0,0,0
85260,425,0,0,0,0,0,0,0
85280,397,0,0,0,0,0,0,0
85300,376,0,0,0,0,0,0,0
85320,355,0,0,0,0,0,0,0
85340,337,0,0,0,0,0,0,0
85360,326,0,0,0,0,0,0,0
85380,301,0,0,0,0,0,0,0
85400,283,0,0,0,0,0,0,0
85420,272,0,0,0,0,0,0,0
85440,262,0,0,0,0,0,0,0
85460,248,0,0,0,0,0,0,0
85480,234,0,0,0,0,0,0,0
85500,225,0,0,0,0,0,0,0
85520,213,0,0,0,0,0,0,0
85540,203,0,0,0,0,0,0,0
85560,196,0,0,0,0,0,0,0
85580,187,0,0,0,0,0,0,0
85600,181,0,0,0,0,0,0,0
85620,179,0,0,0,0,0,0,0
85640,167,0,0,0,0,0,0,0
85660,166,0,0,0,0,0,0,0
85680,161,0,0,0,0,0,0,0
85700,155,0,0,0,0,0,0,0
85720,155,0,0,0,0,0,0,0
85740,148,0,0,0,0,0,0,0
85760,144,0,0,0,0,0,0,0
85780,137,0,0,0,0,0,0,0
85800,136,0,0,0,0,0,0,0
85820,130,0,0,0,0,0,0,0
85840,128,0,0,0,0,0,0,0
85860,130,0,0,0,0,0,0,0
85880,124,0,0,0,0,0,0,0
85900,115,0,0,0,0,0,0,0
85920,116,0,0,0,0,0,0,0
85940,112,0,0,0,0,0,0,0
85960,111,0,0,0,0,0,0,0
85980,107,0,0,0,0,0,0,0
86000,110,0,0,0,0,0,0,0
86020,110,0,0,0,0,0,0,0
86040,106,0,0,0,0,0,0,0
86060,111,0,0,0,0,0,0,0
86080,104,0,0,0,0,0,0,0
86100,102,0,0,0,0,0,0,0
86120,100,0,0,0,0,0,0,0
86140,101,0,0,0,0,0,0,0
86160,96,0,0,0,0,0,0,0
86180,94,0,0,0,0,0,0,0
86200,94,0,0,0,0,0,0,0
86220,92,0,0,0,0,0,0,0
86240,95,0,0,0,0,0,0,0
86260,95,0,0,0,0,0,0,0
86280,96,0,0,0,0,0,0,0
86300,96,0,0,0,0,0,0,0
86320,100,0,0,0,0,0,0,0
86340,96,0,0,0,0,0,0,0
86360,95,0,0,0,0,0,0,0
86380,94,0,0,0,0,0,0,0
86400,97,0,0,0,0,0,0,0
86420,94,0,0,0,0,0,0,0
86440,94,0,0,0,0,0,0,0
86460,94,0,0,0,0,0,0,0
86480,95,0,0,0,0,0,0,0
86500,95,0,0,0,0,0,0,0
86520,95,0,0,0,0,0,0,0
86540,95,0,0,0,0,0,0,0
86560,94,0,0,0,0,0,0,0
86580,95,0,0,0,0,0,0,0
86600,95,0,0,0,0,0,0,0
86620,96,0,0,0,0,0,0,0
86640,95,0,0,0,0,0,0,0
86660,94,0,0,0,0,0,0,0
86680,91,0,0,0,0,0,0,0
86700,94,0,0,0,0,0,0,0
86720,94,0,0,0,0,0,0,0
86740,91,0,0,0,0,0,0,0
86760,94,0,0,0,0,0,0,0
86780,93,0,0,0,0,0,0,0
86800,95,0,0,0,0,0,0,0
86820,97,0,0,0,0,0,0,0
86840,102,0,0,0,0,0,0,0
86860,104,0,0,0,0,0,0,0
86880,107,0,0,0,0,0,0,0
86900,105,0,0,0,0,0,0,0
86920,109,0,0,0,0,0,0,0
86940,107,0,0,0,0,0,0,0
86960,107,0,0,0,0,0,0,0
86980,111,0,0,0,0,0,0,0
87000,109,0,0,0,0,0,0,0
87020,114,0,0,0,0,0,0,0
87040,115,0,0,0,0,0,0,0
87060,122,0,0,0,0,0,0,0
87080,122,0,0,0,0,0,0,0
87100,130,0,0,0,0,0,0,0
87120,129,0,0,0,0,0,0,0
87140,137,0,0,0,0,0,0,0
87160,137,0,0,0,0,0,0,0
87180,143,0,0,0,0,0,0,0
87200,145,0,0,0,0,0,0,0
87220,150,0,0,0,0,0,0,0
87240,154,0,0,0,0,0,0,0
87260,158,0,0,0,0,0,0,0
87280,165,0,0,0,0,0,0,0
87300,169,0,0,0,0,0,0,0
87320,173,0,0,0,0,0,0,0
87340,178,0,0,0,0,0,0,0
87360,182,0,0,0,0,0,0,0
87380,190,0,0,0,0,0,0,0
87400,198,0,0,0,0,0,0,0
87420,206,0,0,0,0,0,0,0
87440,215,0,0,0,0,0,0,0
87460,224,0,0,0,0,0,0,0
87480,236,0,0,0,0,0,0,0
87500,245,0,0,0,0,0,0,0
87520,263,0,0,0,0,0,0,0
87540,273,0,0,0,0,0,0,0
87560,288,0,0,0,0,0,0,0
87580,297,0,0,0,0,0,0,0
87600,316,0,0,0,0,0,0,0
87620,332,0,0,0,0,0,0,0
87640,351,0,0,0,0,0,0,0
87660,368,0,0,0,0,0,0,0
87680,389,0,0,0,0,0,0,0
87700,406,0,0,0,0,0,0,0
87720,438,0,0,0,0,0,0,0
87740,462,0,0,0,0,0,0,0
87760,497,0,0,0,0,0,0,0
87780,538,0,0,0,0,0,0,0
87800,576,0,0,0,0,0,0,0
87820,609,0,0,0,0,0,0,0
87840,653,0,0,0,0,0,0,0
87860,692,0,0,0,0,0,0,0
87880,734,0,0,0,0,0,0,0
87900,768,0,0,0,0,0,0,0
87920,804,0,0,0,0,0,0,0
87940,826,0,0,0,0,0,0,0
87960,842,0,0,0,0,0,0,0
87980,847,0,0,0,0,0,0,0
88000,838,0,0,0,0,0,0,0
88020,819,0,0,0,0,0,0,0
88040,788,0,0,0,0,0,0,0
88060,746,0,0,0,0,0,0,0
88080,698,0,0,0,0,0,0,0
88100,650,0,0,0,0,0,0,0
88120,600,0,0,0,0,0,0,0
88140,560,0,0,0,0,0,0,0
88160,519,0,0,0,0,0,0,0
88180,487,0,0,0,0,0,0,0
88200,496,0,0,0,0,0,0,0
88220,434,0,0,0,0,0,0,0
88240,422,0,0,0,0,0,0,0
88260,376,0,0,0,0,0,0,0
88280,357,0,0,0,0,0,0,0
88300,358,0,0,0,0,0,0,0
88320,307,0,0,0,0,0,0,0
88340,295,0,0,0,0,0,0,0
88360,291,0,0,0,0,0,0,0
88380,278,0,0,0,0,0,0,0
88400,264,0,0,0,0,0,0,0
88420,254,0,0,0,0,0,0,0
88440,246,0,0,0,0,0,0,0
88460,240,0,0,0,0,0,0,0
88480,237,0,0,0,0,0,0,0
88500,228,0,0,0,0,0,0,0
88520,225,0,0,0,0,0,0,0
88540,215,0,0,0,0,0,0,0
88560,231,0,0,0,0,0,0,0
88580,208,0,0,0,0,0,0,0
88600,205,0,0,0,0,0,0,0
88620,197,0,0,0,0,0,0,0
88640,206,0,0,0,0,0,0,0
88660,188,0,0,0,0,0,0,0
88680,184,0,0,0,0,0,0,0
88700,189,0,0,0,0,0,0,0
88720,176,0,0,0,0,0,0,0
88740,168,0,0,0,0,0,0,0
88760,168,0,0,0,0,0,0,0
88780,175,0,0,0,0,0,0,0
88800,167,0,0,0,0,0,0,0
88820,168,0,0,0,0,0,0,0
88840,167,0,0,0,0,0,0,0
88860,161,0,0,0,0,0,0,0
88880,155,0,0,0,0,0,0,0
88900,152,0,0,0,0,0,0,0
88920,140,0,0,0,0,0,0,0
88940,140,0,0,0,0,0,0,0
88960,136,0,0,0,0,0,0,0
88980,133,0,0,0,0,0,0,0
89000,132,0,0,0,0,0,0,0
89020,127,0,0,0,0,0,0,0
89040,129,0,0,0,0,0,0,0
89060,119,0,0,0,0,0,0,0
89080,115,0,0,0,0,0,0,0
89100,115,0,0,0,0,0,0,0
89120,114,0,0,0,0,0,0,0
89140,112,0,0,0,0,0,0,0
89160,112,0,0,0,0,0,0,0
89180,105,0,0,0,0,0,0,0
89200,111,0,0,0,0,0,0,0
89220,112,0,0,0,0,0,0,0
89240,110,0,0,0,0,0,0,0
89260,111,0,0,0,0,0,0,0
89280,115,0,0,0,0,0,0,0
89300,111,0,0,0,0,0,0,0
89320,106,0,0,0,0,0,0,0
89340,94,0,0,0,0,0,0,0
89360,103,0,0,0,0,0,0,0
89380,104,0,0,0,0,0,0,0
89400,103,0,0,0,0,0,0,0
89420,109,0,0,0,0,0,0,0
89440,130,0,0,0,0,0,0,0
89460,101,0,0,0,0,0,0,0
89480,101,0,0,0,0,0,0,0
89500,104,0,0,0,0,0,0,0
89520,100,0,0,0,0,0,0,0
89540,97,0,0,0,0,0,0,0
89560,97,0,0,0,0,0,0,0
89580,108,0,0,0,0,0,0,0
89600,98,0,0,0,0,0,0,0
89620,93,0,0,0,0,0,0,0
89640,95,0,0,0,0,0,0,0
89660,96,0,0,0,0,0,0,0
89680,111,0,0,0,0,0,0,0
89700,100,0,0,0,0,0,0,0
89720,93,0,0,0,0,0,0,0
89740,91,0,0,0,0,0,0,0
89760,95,0,0,0,0,0,0,0
89780,96,0,0,0,0,0,0,0
89800,111,0,0,0,0,0,0,0
89820,87,0,0,0,0,0,0,0
89840,94,0,0,0,0,0,0,0
89860,102,0,0,0,0,0,0,0
89880,80,0,0,0,0,0,0,0
89900,92,0,0,0,0,0,0,0
89920,87,0,0,0,0,0,0,0
89940,91,0,0,0,0,0,0,0
89960,81,0,0,0,0,0,0,0
89980,95,0,0,0,0,0,0,0
90000,97,0,0,0,0,0,0,0
90020,88,0,0,0,0,0,0,0
90040,87,0,0,0,0,0,0,0
90060,86,0,0,0,0,0,0,0
90080,85,0,0,0,0,0,0,0
90100,84,0,0,0,0,0,0,0
90120,94,0,0,0,0,0,0,0
90140,87,0,0,0,0,0,0,0
90160,86,0,0,0,0,0,0,0
90180,83,0,0,0,0,0,0,0
90200,84,0,0,0,0,0,0,0
90220,85,0,0,0,0,0,0,0
90240,84,0,0,0,0,0,0,0
90260,87,0,0,0,0,0,0,0
90280,87,0,0,0,0,0,0,0
90300,88,0,0,0,0,0,0,0
90320,87,0,0,0,0,0,0,0
90340,91,0,0,0,0,0,0,0
90360,89,0,0,0,0,0,0,0
90380,95,0,0,0,0,0,0,0
90400,91,0,0,0,0,0,0,0
90420,92,0,0,0,0,0,0,0
90440,93,0,0,0,0,0,0,0
90460,95,0,0,0,0,0,0,0
90480,93,0,0,0,0,0,0,0
90500,94,0,0,0,0,0,0,0
90520,95,0,0,0,0,0,0,0
90540,93,0,0,0,0,0,0,0
90560,97,0,0,0,0,0,0,0
90580,96,0,0,0,0,0,0,0
90600,101,0,0,0,0,0,0,0
90620,97,0,0,0,0,0,0,0
90640,98,0,0,0,0,0,0,0
90660,99,0,0,0,0,0,0,0
90680,101,0,0,0,0,0,0,0
90700,99,0,0,0,0,0,0,0
90720,101,0,0,0,0,0,0,0
90740,110,0,0,0,0,0,0,0
90760,97,0,0,0,0,0,0,0
90780,102,0,0,0,0,0,0,0
90800,103,0,0,0,0,0,0,0
90820,106,0,0,0,0,0,0,0
90840,103,0,0,0,0,0,0,0
90860,106,0,0,0,0,0,0,0
90880,104,0,0,0,0,0,0,0
90900,110,0,0,0,0,0,0,0
90920,143,0,0,0,0,0,0,0
90940,108,0,0,0,0,0,0,0
90960,111,0,0,0,0,0,0,0
90980,114,0,0,0,0,0,0,0
91000,112,0,0,0,0,0,0,0
91020,114,0,0,0,0,0,0,0
91040,113,0,0,0,0,0,0,0
91060,120,0,0,0,0,0,0,0
91080,121,0,0,0,0,0,0,0
91100,123,0,0,0,0,0,0,0
91120,135,0,0,0,0,0,0,0
91140,120,0,0,0,0,0,0,0
91160,143,0,0,0,0,0,0,0
91180,131,0,0,0,0,0,0,0
91200,135,0,0,0,0,0,0,0
91220,136,0,0,0,0,0,0,0
91240,141,0,0,0,0,0,0,0
91260,144,0,0,0,0,0,0,0
91280,147,0,0,0,0,0,0,0
91300,150,0,0,0,0,0,0,0
91320,155,0,0,0,0,0,0,0
91340,155,0,0,0,0,0,0,0
91360,158,0,0,0,0,0,0,0
91380,162,0,0,0,0,0,0,0
91400,167,0,0,0,0,0,0,0
91420,168,0,0,0,0,0,0,0
91440,174,0,0,0,0,0,0,0
91460,177,0,0,0,0,0,0,0
91480,181,0,0,0,0,0,0,0
91500,187,0,0,0,0,0,0,0
91520,190,0,0,0,0,0,0,0
91540,197,0,0,0,0,0,0,0
91560,205,0,0,0,0,0,0,0
91580,208,0,0,0,0,0,0,0
91600,215,0,0,0,0,0,0,0
91620,215,0,0,0,0,0,0,0
91640,230,0,0,0,0,0,0,0
91660,227,0,0,0,0,0,0,0
91680,232,0,0,0,0,0,0,0
91700,241,0,0,0,0,0,0,0
91720,251,0,0,0,0,0,0,0
91740,259,0,0,0,0,0,0,0
91760,260,0,0,0,0,0,0,0
91780,276,0,0,0,0,0,0,0
91800,285,0,0,0,0,0,0,0
91820,298,0,0,0,0,0,0,0
91840,308,0,0,0,0,0,0,0
91860,335,0,0,0,0,0,0,0
91880,337,0,0,0,0,0,0,0
91900,369,0,0,0,0,0,0,0
91920,392,0,0,0,0,0,0,0
91940,416,0,0,0,0,0,0,0
91960,433,0,0,0,0,0,0,0
91980,469,0,0,0,0,0,0,0
92000,489,0,0,0,0,0,0,0
92020,528,0,0,0,0,0,0,0
92040,565,0,0,0,0,0,0,0
92060,601,0,0,0,0,0,0,0
92080,643,0,0,0,0,0,0,0
92100,686,0,0,0,0,0,0,0
92120,724,0,0,0,0,0,0,0
92140,765,0,0,0,0,0,0,0
92160,797,0,0,0,0,0,0,0
92180,826,0,0,0,0,0,0,0
92200,840,0,0,0,0,0,0,0
92220,845,0,0,0,0,0,0,0
92240,864,0,0,0,0,0,0,0
92260,825,0,0,0,0,0,0,0
92280,800,0,0,0,0,0,0,0
92300,762,0,0,0,0,0,0,0
92320,717,0,0,0,0,0,0,0
92340,669,0,0,0,0,0,0,0
92360,616,0,0,0,0,0,0,0
92380,575,0,0,0,0,0,0,0
92400,539,0,0,0,0,0,0,0
92420,497,0,0,0,0,0,0,0
92440,454,0,0,0,0,0,0,0
92460,426,0,0,0,0,0,0,0
92480,398,0,0,0,0,0,0,0
92500,373,0,0,0,0,0,0,0
92520,359,0,0,0,0,0,0,0
92540,340,0,0,0,0,0,0,0
92560,321,0,0,0,0,0,0,0
92580,302,0,0,0,0,0,0,0
92600,285,0,0,0,0,0,0,0
92620,272,0,0,0,0,0,0,0
92640,260,0,0,0,0,0,0,0
92660,249,0,0,0,0,0,0,0
92680,236,0,0,0,0,0,0,0
92700,225,0,0,0,0,0,0,0
92720,211,0,0,0,0,0,0,0
92740,207,0,0,0,0,0,0,0
92760,198,0,0,0,0,0,0,0
92780,191,0,0,0,0,0,0,0
92800,183,0,0,0,0,0,0,0
92820,176,0,0,0,0,0,0,0
92840,169,0,0,0,0,0,0,0
92860,166,0,0,0,0,0,0,0
92880,166,0,0,0,0,0,0,0
92900,159,0,0,0,0,0,0,0
92920,155,0,0,0,0,0,0,0
92940,147,0,0,0,0,0,0,0
92960,144,0,0,0,0,0,0,0
92980,139,0,0,0,0,0,0,0
93000,136,0,0,0,0,0,0,0
93020,131,0,0,0,0,0,0,0
93040,130,0,0,0,0,0,0,0
93060,125,0,0,0,0,0,0,0
93080,122,0,0,0,0,0,0,0
93100,125,0,0,0,0,0,0,0
93120,113,0,0,0,0,0,0,0
93140,112,0,0,0,0,0,0,0
93160,111,0,0,0,0,0,0,0
93180,108,0,0,0,0,0,0,0
93200,107,0,0,0,0,0,0,0
93220,106,0,0,0,0,0,0,0
93240,103,0,0,0,0,0,0,0
93260,104,0,0,0,0,0,0,0
93280,105,0,0,0,0,0,0,0
93300,102,0,0,0,0,0,0,0
93320,100,0,0,0,0,0,0,0
93340,99,0,0,0,0,0,0,0
93360,94,0,0,0,0,0,0,0
93380,94,0,0,0,0,0,0,0
93400,94,0,0,0,0,0,0,0
93420,91,0,0,0,0,0,0,0
93440,93,0,0,0,0,0,0,0
93460,97,0,0,0,0,0,0,0
93480,97,0,0,0,0,0,0,0
93500,100,0,0,0,0,0,0,0
93520,103,0,0,0,0,0,0,0
93540,95,0,0,0,0,0,0,0
93560,95,0,0,0,0,0,0,0
93580,93,0,0,0,0,0,0,0
93600,95,0,0,0,0,0,0,0
93620,94,0,0,0,0,0,0,0
93640,94,0,0,0,0,0,0,0
93660,94,0,0,0,0,0,0,0
93680,93,0,0,0,0,0,0,0
93700,94,0,0,0,0,0,0,0
93720,93,0,0,0,0,0,0,0
93740,93,0,0,0,0,0,0,0
93760,97,0,0,0,0,0,0,0
93780,93,0,0,0,0,0,0,0
93800,95,0,0,0,0,0,0,0
93820,96,0,0,0,0,0,0,0
93840,96,0,0,0,0,0,0,0
93860,98,0,0,0,0,0,0,0
93880,93,0,0,0,0,0,0,0
93900,96,0,0,0,0,0,0,0
93920,91,0,0,0,0,0,0,0
93940,95,0,0,0,0,0,0,0
93960,94,0,0,0,0,0,0,0
93980,95,0,0,0,0,0,0,0
94000,96,0,0,0,0,0,0,0
94020,103,0,0,0,0,0,0,0
94040,99,0,0,0,0,0,0,0
94060,104,0,0,0,0,0,0,0
94080,106,0,0,0,0,0,0,0
94100,103,0,0,0,0,0,0,0
94120,104,0,0,0,0,0,0,0
94140,105,0,0,0,0,0,0,0
94160,109,0,0,0,0,0,0,0
94180,107,0,0,0,0,0,0,0
94200,110,0,0,0,0,0,0,0
94220,114,0,0,0,0,0,0,0
94240,116,0,0,0,0,0,0,0
94260,121,0,0,0,0,0,0,0
94280,121,0,0,0,0,0,0,0
94300,124,0,0,0,0,0,0,0
94320,129,0,0,0,0,0,0,0
94340,135,0,0,0,0,0,0,0
94360,137,0,0,0,0,0,0,0
94380,143,0,0,0,0,0,0,0
94400,145,0,0,0,0,0,0,0
94420,151,0,0,0,0,0,0,0
94440,154,0,0,0,0,0,0,0
94460,157,0,0,0,0,0,0,0
94480,164,0,0,0,0,0,0,0
94500,168,0,0,0,0,0,0,0
94520,175,0,0,0,0,0,0,0
94540,177,0,0,0,0,0,0,0
94560,182,0,0,0,0,0,0,0
94580,190,0,0,0,0,0,0,0
94600,193,0,0,0,0,0,0,0
94620,207,0,0,0,0,0,0,0
94640,214,0,0,0,0,0,0,0
94660,222,0,0,0,0,0,0,0
94680,235,0,0,0,0,0,0,0
94700,245,0,0,0,0,0,0,0
94720,260,0,0,0,0,0,0,0
94740,274,0,0,0,0,0,0,0
94760,287,0,0,0,0,0,0,0
94780,297,0,0,0,0,0,0,0
94800,314,0,0,0,0,0,0,0
94820,334,0,0,0,0,0,0,0
94840,349,0,0,0,0,0,0,0
94860,367,0,0,0,0,0,0,0
94880,386,0,0,0,0,0,0,0
94900,403,0,0,0,0,0,0,0
94920,432,0,0,0,0,0,0,0
94940,459,0,0,0,0,0,0,0
94960,491,0,0,0,0,0,0,0
94980,536,0,0,0,0,0,0,0
95000,572,0,0,0,0,0,0,0
95020,605,0,0,0,0,0,0,0
95040,648,0,0,0,0,0,0,0
95060,689,0,0,0,0,0,0,0
95080,731,0,0,0,0,0,0,0
95100,768,0,0,0,0,0,0,0
95120,801,0,0,0,0,0,0,0
95140,828,0,0,0,0,0,0,0
95160,840,0,0,0,0,0,0,0
95180,846,0,0,0,0,0,0,0
95200,840,0,0,0,0,0,0,0
95220,818,0,0,0,0,0,0,0
95240,787,0,0,0,0,0,0,0
95260,748,0,0,0,0,0,0,0
95280,703,0,0,0,0,0,0,0
95300,653,0,0,0,0,0,0,0
95320,605,0,0,0,0,0,0,0
95340,567,0,0,0,0,0,0,0
95360,524,0,0,0,0,0,0,0
95380,479,0,0,0,0,0,0,0
95400,450,0,0,0,0,0,0,0
95420,426,0,0,0,0,0,0,0
95440,395,0,0,0,0,0,0,0
95460,374,0,0,0,0,0,0,0
95480,353,0,0,0,0,0,0,0
95500,330,0,0,0,0,0,0,0
95520,306,0,0,0,0,0,0,0
95540,293,0,0,0,0,0,0,0
95560,295,0,0,0,0,0,0,0
95580,291,0,0,0,0,0,0,0
95600,270,0,0,0,0,0,0,0
95620,253,0,0,0,0,0,0,0
95640,247,0,0,0,0,0,0,0
95660,241,0,0,0,0,0,0,0
95680,244,0,0,0,0,0,0,0
95700,235,0,0,0,0,0,0,0
95720,224,0,0,0,0,0,0,0
95740,216,0,0,0,0,0,0,0
95760,213,0,0,0,0,0,0,0
95780,208,0,0,0,0,0,0,0
95800,202,0,0,0,0,0,0,0
95820,198,0,0,0,0,0,0,0
95840,192,0,0,0,0,0,0,0
95860,187,0,0,0,0,0,0,0
95880,183,0,0,0,0,0,0,0
95900,180,0,0,0,0,0,0,0
95920,173,0,0,0,0,0,0,0
95940,174,0,0,0,0,0,0,0
95960,168,0,0,0,0,0,0,0
95980,164,0,0,0,0,0,0,0
96000,168,0,0,0,0,0,0,0
96020,163,0,0,0,0,0,0,0
96040,172,0,0,0,0,0,0,0
96060,175,0,0,0,0,0,0,0
96080,156,0,0,0,0,0,0,0
96100,147,0,0,0,0,0,0,0
96120,139,0,0,0,0,0,0,0
96140,142,0,0,0,0,0,0,0
96160,136,0,0,0,0,0,0,0
96180,134,0,0,0,0,0,0,0
96200,135,0,0,0,0,0,0,0
96220,120,0,0,0,0,0,0,0
96240,135,0,0,0,0,0,0,0
96260,119,0,0,0,0,0,0,0
96280,135,0,0,0,0,0,0,0
96300,127,0,0,0,0,0,0,0
96320,117,0,0,0,0,0,0,0
96340,112,0,0,0,0,0,0,0
96360,113,0,0,0,0,0,0,0
96380,110,0,0,0,0,0,0,0
96400,108,0,0,0,0,0,0,0
96420,110,0,0,0,0,0,0,0
96440,112,0,0,0,0,0,0,0
96460,135,0,0,0,0,0,0,0
96480,112,0,0,0,0,0,0,0
96500,111,0,0,0,0,0,0,0
96520,120,0,0,0,0,0,0,0
96540,111,0,0,0,0,0,0,0
96560,104,0,0,0,0,0,0,0
96580,124,0,0,0,0,0,0,0
96600,103,0,0,0,0,0,0,0
96620,104,0,0,0,0,0,0,0
96640,109,0,0,0,0,0,0,0
96660,95,0,0,0,0,0,0,0
96680,99,0,0,0,0,0,0,0
96700,104,0,0,0,0,0,0,0
96720,99,0,0,0,0,0,0,0
96740,97,0,0,0,0,0,0,0
96760,101,0,0,0,0,0,0,0
96780,88,0,0,0,0,0,0,0
96800,112,0,0,0,0,0,0,0
96820,96,0,0,0,0,0,0,0
96840,108,0,0,0,0,0,0,0
96860,98,0,0,0,0,0,0,0
96880,105,0,0,0,0,0,0,0
96900,95,0,0,0,0,0,0,0
96920,94,0,0,0,0,0,0,0
96940,96,0,0,0,0,0,0,0
96960,99,0,0,0,0,0,0,0
96980,88,0,0,0,0,0,0,0
97000,99,0,0,0,0,0,0,0
97020,88,0,0,0,0,0,0,0
97040,90,0,0,0,0,0,0,0
97060,88,0,0,0,0,0,0,0
97080,94,0,0,0,0,0,0,0
97100,80,0,0,0,0,0,0,0
97120,97,0,0,0,0,0,0,0
97140,112,0,0,0,0,0,0,0
97160,89,0,0,0,0,0,0,0
97180,99,0,0,0,0,0,0,0
97200,100,0,0,0,0,0,0,0
97220,93,0,0,0,0,0,0,0
97240,96,0,0,0,0,0,0,0
97260,85,0,0,0,0,0,0,0
97280,86,0,0,0,0,0,0,0
97300,87,0,0,0,0,0,0,0
97320,80,0,0,0,0,0,0,0
97340,87,0,0,0,0,0,0,0
97360,84,0,0,0,0,0,0,0
97380,87,0,0,0,0,0,0,0
97400,83,0,0,0,0,0,0,0
97420,84,0,0,0,0,0,0,0
97440,85,0,0,0,0,0,0,0
97460,85,0,0,0,0,0,0,0
97480,88,0,0,0,0,0,0,0
97500,88,0,0,0,0,0,0,0
97520,90,0,0,0,0,0,0,0
97540,91,0,0,0,0,0,0,0
97560,92,0,0,0,0,0,0,0
97580,94,0,0,0,0,0,0,0
97600,93,0,0,0,0,0,0,0
97620,102,0,0,0,0,0,0,0
97640,95,0,0,0,0,0,0,0
97660,94,0,0,0,0,0,0,0
97680,99,0,0,0,0,0,0,0
97700,95,0,0,0,0,0,0,0
97720,93,0,0,0,0,0,0,0
97740,96,0,0,0,0,0,0,0
97760,96,0,0,0,0,0,0,0
97780,97,0,0,0,0,0,0,0
97800,97,0,0,0,0,0,0,0
97820,100,0,0,0,0,0,0,0
97840,100,0,0,0,0,0,0,0
97860,101,0,0,0,0,0,0,0
97880,102,0,0,0,0,0,0,0
97900,102,0,0,0,0,0,0,0
97920,104,0,0,0,0,0,0,0
97940,104,0,0,0,0,0,0,0
97960,104,0,0,0,0,0,0,0
97980,104,0,0,0,0,0,0,0
98000,99,0,0,0,0,0,0,0
98020,104,0,0,0,0,0,0,0
98040,103,0,0,0,0,0,0,0
98060,103,0,0,0,0,0,0,0
98080,106,0,0,0,0,0,0,0
98100,105,0,0,0,0,0,0,0
98120,107,0,0,0,0,0,0,0
98140,108,0,0,0,0,0,0,0
98160,111,0,0,0,0,0,0,0
98180,111,0,0,0,0,0,0,0
98200,114,0,0,0,0,0,0,0
98220,119,0,0,0,0,0,0,0
98240,116,0,0,0,0,0,0,0
98260,117,0,0,0,0,0,0,0
98280,120,0,0,0,0,0,0,0
98300,121,0,0,0,0,0,0,0
98320,139,0,0,0,0,0,0,0
98340,126,0,0,0,0,0,0,0
98360,129,0,0,0,0,0,0,0
98380,133,0,0,0,0,0,0,0
98400,136,0,0,0,0,0,0,0
98420,137,0,0,0,0,0,0,0
98440,148,0,0,0,0,0,0,0
98460,144,0,0,0,0,0,0,0
98480,148,0,0,0,0,0,0,0
98500,151,0,0,0,0,0,0,0
98520,154,0,0,0,0,0,0,0
98540,158,0,0,0,0,0,0,0
98560,172,0,0,0,0,0,0,0
98580,162,0,0,0,0,0,0,0
